id,APPLICATION #,FORM_NUMBER,FILE_DATE,STATUS_DATE,STATUS,STATUS_CODE,EXPIRATION_DATE,ESTIMATED COST,REVISED COST,EXISTING USE,EXISTING UNITS,PROPOSED USE,PROPOSED UNITS,PLANSETS,15_DAY_HOLD?,EXISTING STORIES,PROPOSED STORIES,ASSESSOR STORIES,VOLUNTARY SOFT-STORY RETROFIT,NO OF PAGES,BLOCK,LOT,STREET_NUMBER,STREET_NUMBER_SFX,AVS_STREET_NAME,AVS_STREET_SFX,UNIT,UNIT_SFX,FIRST_NAME,LAST_NAME,CONTRACTORPHONE,COMPANY_NAME,STREET,STREET,STREET_SUFFIX,CITY,STATE,ZIP_CODE,CONTACT_NAME,CONTACT_PHONE,DESCRIPTION,y,x
1,#201306119129,3,11-Jun-13,2-Mar-15,ISSUED,9,25-Feb-16,1,1,FOOD/BEVERAGE HNDLNG,,FOOD/BEVERAGE HNDLNG,,0,,5,5,0,,0,792,28,550,,GOUGH,ST,,,OWNER,,,OWNER,,OWNER,,OWNER,CA,00000-0000,,,"CHANGE OF USE. CHANGE CLASSIFICATION FROM DEFUNCT RESTAURANT CODE "" SELF SERVICE SPECIALITY FOOD 790.93"" TO CURRENT CODE. ""RESTAURANT 790.91"". CHANGE IN RESTAURANT CODE ONLY. ** MAHER: COMPLIANCE WITH ORDINANCE NO# 155-13 NOT REQUIRED **",37.7786088,-122.423165
2,#201311262917,3,26-Nov-13,2-Mar-15,ISSUED,9,14-Feb-18,346000,346000,1 FAMILY DWELLING,1,1 FAMILY DWELLING,1,2,Y,3,4,2,,12,0438A,031A,104,,RETIRO,WY,,,MICHAEL,BRADFORD,4156950861,BRADFORD CONSTRUCTION,360,BARNEVELD,,SAN FRANCISCO,CA,94124-0000,,,4TH FL VERTICAL ADDITION (MASTER BDRM  MASTER BATH  CLOSETS); STAIR PENTHOUSE TO (N) ROOF TERRACE; REAR YARD CONVERSION OF PART OF GROUND FL TO HABITABLE DEN  BATH & LAUNDRY; REMODEL 3RD FL BATH. ** MAHER: COMPLIANCE WITH ORDINANCE NO# 155-13 NOT REQUIRED **,37.8053446,-122.4379695
3,#201403191170,3,19-Mar-14,2-Mar-15,ISSUED,9,25-Feb-16,10000,10000,2 FAMILY DWELLING,2,2 FAMILY DWELLING,2,2,Y,2,2,1,,7,1707,31,1262,,44TH,AV,,,OWNER,OWNER,,OWNER,,OWNER,,OWNER,CA,00000-0000,,,(N) REAR DECK ADDITION  (N) FRENCH DOOR AT REAR WALL,37.763073,-122.5039418
4,#201403191170,3,19-Mar-14,2-Mar-15,ISSUED,9,25-Feb-16,10000,10000,2 FAMILY DWELLING,2,2 FAMILY DWELLING,2,2,Y,2,2,1,,7,1707,31,1264,,44TH,AV,,,OWNER,OWNER,,OWNER,,OWNER,,OWNER,CA,00000-0000,,,(N) REAR DECK ADDITION  (N) FRENCH DOOR AT REAR WALL,37.7630385,-122.5039392
5,#201403211418,3,21-Mar-14,2-Mar-15,ISSUED,9,14-Feb-18,150000,221000,1 FAMILY DWELLING,1,1 FAMILY DWELLING,1,2,Y,2,2,1,,12,7014,28,222,,FAXON,AV,,,OWNER,,,OWNER,,OWNER,,OWNER,CA,00000-0000,,,NEW 2 STORY HORIZONTAL REAR ADDITION WITH NEW BEDROOM & 2 NEW BATHROOMS. NEW ROOF DECK  INTERIOR STAIR. REMODELED KITCHEN.,37.718672,-122.459897
6,#201404082659,3,8-Apr-14,2-Mar-15,ISSUED,9,14-Feb-18,150000,225000,1 FAMILY DWELLING,1,1 FAMILY DWELLING,1,2,Y,2,3,1,,10,6664,52,249,,RANDALL,ST,,,DAVID,KOHLMYER,4155165036,KOHLMYER,2691,16TH,AV,SAN FRANCISCO,CA,94116-0000,,,THE PROPOSED PROJEC IS A VERTICAL & HORIZONTAL ADDITION INCLUDING A NEW THIRD STORY ADDITION  A TWO STORY REAR ADDITION & REMODEL OF (E) SPACES.THIRD FLOOR ADDITION INCLUDES 3 NEW BEDROOMS  & 2 NEW BATHROOMS  SECOND FLOOR REMODEL & EXPANSION INCLUDES FAMILY ROOM  LAUNDRY ROOM  STUDY & (N) STAIRS.,37.739965,-122.428905
7,#201406239170,3,23-Jun-14,2-Mar-15,ISSUED,9,14-Feb-18,110000,140000,1 FAMILY DWELLING,1,1 FAMILY DWELLING,1,2,Y,2,2,1,,8,2873,34,169,,GLENVIEW,DR,,,OWNER,OWNER,,OWNER,,OWNER,,OWNER,CA,00000-0000,,,REAR ADDITION. RECONFIGURE INTERIOR PARTITIONS AND NEW FINISHES. CONVERT (E) LIVING ROOM INTO BEDROOM  AND (E) BEDROOM INTO DINING ROOM.,37.749104,-122.447492
8,#201407100939,3,10-Jul-14,2-Mar-15,ISSUED,9,25-Feb-16,14000,49500,1 FAMILY DWELLING,1,1 FAMILY DWELLING,1,2,Y,4,4,3,,7,559,10,2400,,VALLEJO,ST,0,,THOMAS MICHAEL,YOUNG,4156767277,THOMAS BUILDING GROUP,2110,28TH,AV,SAN FRANCISCO,CA,94116-0000,,,"A NEW WALKABLE DECK SURFACE PLUS GUARDRAIL OVER EXISTING GARAGE. NEW DOUBLE DOOR AND LANDING FOR ACCESS. A NEW DORMER BETWEEN 2 EXISTING DORMERS. EXISTING DORMER ROOF CAP RAISED 12"" TO MATCH NEW DORMER. ** COMPLIANCE WITH MAHER ORDINANCE #155-13 NOT APPLICABLE****",37.795108,-122.437094
9,#201408204331,3,20-Aug-14,2-Mar-15,ISSUED,9,25-Feb-16,1,1,FOOD/BEVERAGE HNDLNG,2,FOOD/BEVERAGE HNDLNG,2,2,,2,2,2,,4,1201,8,607,,DIVISADERO,ST,,,OWNER,OWNER,,OWNER,,OWNER,,OWNER,CA,00000-0000,,,CHANGE OF USE FROM (E) LIMITED RESTAURANT TO FULL SERVICE RESTAURANT SERVING ALCOHOL. NO PHYSICAL CHANGES. AT RESTAURANT SPACE. ADMINSTRATIVE ONLY. REF PA# 2012/05/22/1020.,37.7752384,-122.4378889
10,#201411121303,3,12-Nov-14,2-Mar-15,ISSUED,9,14-Feb-18,100000,279000,VACANT LOT,,APARTMENTS,21,2,,,4,0,,8,3980,8,310,,CAROLINA,ST,,,LAMBERT,LEE,4157501288,GOLDEN STATE PLUMBING,217,N. WILLARD,ST,SAN FRANCISCO,CA,94118-0000,,,Install (533) sprinklers for entire building per NFPA#13 standpipe per NFPA#14 and 6-inch underground per NFPA#24. T.I # 201212055523. 2nd msg left 11.25.14 adb,37.7647145,-122.4006418
11,#201412294610,3,29-Dec-14,2-Mar-15,ISSUED,9,25-Feb-16,7000,12000,APARTMENTS,7,APARTMENTS,7,2,,4,4,1,,4,479,15,3044,,FRANKLIN,ST,,,OWNER,OWNER,,OWNER,,OWNER,,OWNER,CA,00000-0000,,,COMPLIANCE W/MANOLATORY SEISMIC RETROFIT PROGRAM 2013 SFBC SECT. 34B & 2012 IEBC APP.A4.,37.802717,-122.426147
12,#201501307115,3,30-Jan-15,2-Mar-15,ISSUED,9,14-Feb-18,180000,260000,1 FAMILY DWELLING,1,1 FAMILY DWELLING,1,2,,3,3,2,,28,2806,38,4335,,23RD,ST,,,JAMES B.,FOX,4156681368,ROSEMOUNT CONSTRUCTION,666,41ST,AV,SAN FRANCISCO,CA,94121-0000,,,RECONFIGURE INT. STAIR&EXTEND FR 3/FLR TO BSMT. BSMT:ADD A BATHRM&WET BAR.1/FLR:RENOV BEDROOMS&BATHRMS&WASHER&DRYER.2/FLR:RENOV KITCHEN/LIVING/DINING&POWDER RM. 3/FLR:RENOV MSTR BEDRM&BATHRM&INFILL OPEN CATHERDRAL CLG @ LIV.,37.752302,-122.43996
13,#201307242711,3,24-Jul-13,3-Mar-15,ISSUED,9,15-Feb-18,90000,275000,1 FAMILY DWELLING,1,2 FAMILY DWELLING,2,2,Y,1,2,1,,12,6942,28,344,,HOLLOWAY,AV,,,OWNER,OWNER,,OWNER,,OWNER,,OWNER,CA,00000-0000,,,"CONVERT SINGLE FAMILY DWELLING TO 2-UNIT BUILDING. JACK UP THE (E) BUILDING APPROX 30"" MAX. ADDING 5 DORMER AT ATTIC AS PER PLAN.",37.722063,-122.456912
14,#201312053457,3,5-Dec-13,3-Mar-15,ISSUED,9,26-Feb-16,20000,40000,2 FAMILY DWELLING,2,2 FAMILY DWELLING,2,2,Y,4,4,3,,6,2767,34,4217,,21ST,ST,,,SHIU YING,TANG,6508759888,JPG HOMEIMPROVEMENT INC,1601,BAYSHORE HWY #339,,BURLINGAME,CA,94010-0000,,,"WORK @ UNIT# 4219 ONLY. REMODEL (E) KITCHEN & BATH. ADD 47.75 SQ FT TO (E) KITCHEN BY EXTENDING HORIZONTAL 4'-O"" 4219 only",37.755249,-122.438121
15,#201312053457,3,5-Dec-13,3-Mar-15,ISSUED,9,26-Feb-16,20000,40000,2 FAMILY DWELLING,2,2 FAMILY DWELLING,2,2,Y,4,4,3,,6,2767,35,4219,,21ST,ST,,,SHIU YING,TANG,6508759888,JPG HOMEIMPROVEMENT INC,1601,BAYSHORE HWY #339,,BURLINGAME,CA,94010-0000,,,"WORK @ UNIT# 4219 ONLY. REMODEL (E) KITCHEN & BATH. ADD 47.75 SQ FT TO (E) KITCHEN BY EXTENDING HORIZONTAL 4'-O"" 4219 only",37.755249,-122.438121
16,#201401085857,3,8-Jan-14,3-Mar-15,ISSUED,9,15-Feb-18,110000,110000,2 FAMILY DWELLING,2,2 FAMILY DWELLING,2,2,Y,3,3,2,,10,4031,10,619,A,RHODE ISLAND,ST,,,JERRY,PODESTA,4156421600,PODESTA CONSTRUCTION INC,344,CONNECTICUT ST,,SAN FRANCISCO,CA,94107-0000,,,CONSTRUCTION OF (N) 3-LEVEL DECK & STAIR @ REAR (EAST)  REPLACEMENT OF WINDOWS & EXTERIOR DOORS @ EAST & NORTH FACADE.,37.761771,-122.401976
17,#201401085857,3,8-Jan-14,3-Mar-15,ISSUED,9,15-Feb-18,110000,110000,2 FAMILY DWELLING,2,2 FAMILY DWELLING,2,2,Y,3,3,2,,10,4031,10,619,,RHODE ISLAND,ST,,,JERRY,PODESTA,4156421600,PODESTA CONSTRUCTION INC,344,CONNECTICUT ST,,SAN FRANCISCO,CA,94107-0000,,,CONSTRUCTION OF (N) 3-LEVEL DECK & STAIR @ REAR (EAST)  REPLACEMENT OF WINDOWS & EXTERIOR DOORS @ EAST & NORTH FACADE.,37.761771,-122.401976
18,#201401136154,3,13-Jan-14,3-Mar-15,ISSUED,9,15-Feb-18,300000,300000,1 FAMILY DWELLING,1,1 FAMILY DWELLING,1,2,Y,2,2,2,,41,3645,16,1177,,GUERRERO,ST,,,BERNARD,BRADY,4156786805,BRADY CONSTRUCTION INC,318,WEST PORTAL,AV,SAN FRANCISCO,CA,94127-0000,,,(N) WOOD DECK ADJACENT TO DRIVEWAY & KITCHEN  (N) EXT STAIRS  (N) LOWER HABITABLE SPACE  STRUCTURAL WORK & SEISMIC UPGRADES  (N) REAR DOOR @ LOWER LEVEL  (N) INTERIOR STAIRS @ LOWER LEVEL & UPPER LEVEL.,37.752343,-122.422594
19,#201501075139,3,7-Jan-15,3-Mar-15,ISSUED,9,15-Feb-18,200000,280000,1 FAMILY DWELLING,1,1 FAMILY DWELLING,1,2,Y,3,3,2,,22,1068,001H,185,,COLLINS,ST,,,OWNER,OWNER,,OWNER,,OWNER,,OWNER,CA,00000-0000,,,remodel (e) single family house - add bay window at rear yard elevation; exterior stair addition at rear yard,37.78259200000001,-122.450504
20,#200912032516,1,3-Dec-09,4-Mar-15,ISSUED,9,31-Jan-21,10050000,10050000,,,APARTMENTS,35,2,,,8,1,,35,837,3,1,,FRANKLIN,ST,,,OWNER,OWNER,,OWNER,,OWNER,,OWNER,CA,00000-0000,,,CONSTRUCTION OF 8-STORY 35 DWELLING UNITS W/RETAIL & PARKING.,37.774429,-122.42111
21,#201310179516,3,17-Oct-13,4-Mar-15,ISSUED,9,27-Feb-16,3600,5000,1 FAMILY DWELLING,1,1 FAMILY DWELLING,1,2,,3,3,,,6,7148,77,101,,HABITAT,TR,,,TROY,LANCASTER,5102463015,WESTERN STATES FIRE PROTECTION CO.,4740,NORTHGATE,BL,SACRAMENTO,CA,95834-0000,,,13D SPRINKLER SYSTEM,37.7109955,-122.4599426
22,#201310179518,3,17-Oct-13,4-Mar-15,ISSUED,9,27-Feb-16,3600,5000,1 FAMILY DWELLING,1,1 FAMILY DWELLING,1,2,,3,3,,,6,7148,76,103,,HABITAT,TR,,,TROY,LANCASTER,5102463015,WESTERN STATES FIRE PROTECTION CO.,4740,NORTHGATE,BL,SACRAMENTO,CA,95834-0000,,,FIRE SPRINKLER BUILDING.,37.7109955,-122.4599426
23,#201310179519,3,17-Oct-13,4-Mar-15,ISSUED,9,27-Feb-16,3600,5000,1 FAMILY DWELLING,1,1 FAMILY DWELLING,1,2,,3,3,,,6,7148,75,105,,HABITAT,TR,,,TROY,LANCASTER,5102463015,WESTERN STATES FIRE PROTECTION CO.,4740,NORTHGATE,BL,SACRAMENTO,CA,95834-0000,,,FIRE SPRINKLER BUILDING.,37.7109955,-122.4599426
24,#201310179520,3,17-Oct-13,4-Mar-15,ISSUED,9,27-Feb-16,3600,5000,1 FAMILY DWELLING,1,1 FAMILY DWELLING,1,2,,3,3,,,6,7148,74,107,,HABITAT,TR,,,TROY,LANCASTER,5102463015,WESTERN STATES FIRE PROTECTION CO.,4740,NORTHGATE,BL,SACRAMENTO,CA,95834-0000,,,FIRE SPRINKLER BUILDING.,37.7109955,-122.4599426
25,#201310179521,3,17-Oct-13,4-Mar-15,ISSUED,9,27-Feb-16,3600,5000,1 FAMILY DWELLING,1,1 FAMILY DWELLING,1,2,,3,3,,,6,7148,73,109,,HABITAT,TR,,,TROY,LANCASTER,5102463015,WESTERN STATES FIRE PROTECTION CO.,4740,NORTHGATE,BL,SACRAMENTO,CA,95834-0000,,,FIRE SPRINKLER BUILDING.,37.7109955,-122.4599426
26,#201310179522,3,17-Oct-13,4-Mar-15,ISSUED,9,27-Feb-16,3600,5000,1 FAMILY DWELLING,1,1 FAMILY DWELLING,1,2,,3,3,,,6,7148,72,111,,HABITAT,TR,,,TROY,LANCASTER,5102463015,WESTERN STATES FIRE PROTECTION CO.,4740,NORTHGATE,BL,SACRAMENTO,CA,95834-0000,,,FIRE SPRINKLER BUILDING.,37.7109955,-122.4599426
27,#201310179523,3,17-Oct-13,4-Mar-15,ISSUED,9,27-Feb-16,3600,5000,1 FAMILY DWELLING,1,1 FAMILY DWELLING,1,2,,3,3,,,6,7148,71,113,,HABITAT,TR,,,TROY,LANCASTER,5102463015,WESTERN STATES FIRE PROTECTION CO.,4740,NORTHGATE,BL,SACRAMENTO,CA,95834-0000,,,FIRE SPRINKLER BUILDING.,37.7109955,-122.4599426
28,#201310179524,3,17-Oct-13,4-Mar-15,ISSUED,9,27-Feb-16,3600,5000,1 FAMILY DWELLING,1,1 FAMILY DWELLING,1,2,,3,3,,,6,7148,70,115,,HABITAT,TR,,,TROY,LANCASTER,5102463015,WESTERN STATES FIRE PROTECTION CO.,4740,NORTHGATE,BL,SACRAMENTO,CA,95834-0000,,,FIRE SPRINKLER BUILDING.,37.7109955,-122.4599426
29,#201310179525,3,17-Oct-13,4-Mar-15,ISSUED,9,27-Feb-16,3600,5000,1 FAMILY DWELLING,1,1 FAMILY DWELLING,1,2,,3,3,,,6,7148,69,117,,HABITAT,TR,,,TROY,LANCASTER,5102463015,WESTERN STATES FIRE PROTECTION CO.,4740,NORTHGATE,BL,SACRAMENTO,CA,95834-0000,,,FIRE SPRINKLER BUILDING.,37.7109955,-122.4599426
30,#201310179538,3,17-Oct-13,4-Mar-15,ISSUED,9,27-Feb-16,3600,5000,1 FAMILY DWELLING,1,1 FAMILY DWELLING,1,2,,3,3,,,6,7148,56,143,,HABITAT,TR,,,TROY,LANCASTER,5102463015,WESTERN STATES FIRE PROTECTION CO.,4740,NORTHGATE,BL,SACRAMENTO,CA,95834-0000,,,FIRE SPRINKLER BUILDING.,37.7109955,-122.4599426
31,#201310179539,3,17-Oct-13,4-Mar-15,ISSUED,9,27-Feb-16,3600,5000,1 FAMILY DWELLING,1,1 FAMILY DWELLING,1,2,,3,3,,,6,7148,55,145,,HABITAT,TR,,,TROY,LANCASTER,5102463015,WESTERN STATES FIRE PROTECTION CO.,4740,NORTHGATE,BL,SACRAMENTO,CA,95834-0000,,,FIRE SPRINKLER BUILDING.,37.7109955,-122.4599426
32,#201310179540,3,17-Oct-13,4-Mar-15,ISSUED,9,27-Feb-16,3600,5000,1 FAMILY DWELLING,1,1 FAMILY DWELLING,1,2,,3,3,,,6,7148,54,147,,HABITAT,TR,,,TROY,LANCASTER,5102463015,WESTERN STATES FIRE PROTECTION CO.,4740,NORTHGATE,BL,SACRAMENTO,CA,95834-0000,,,FIRE SPRINKLER BUILDING.,37.7109955,-122.4599426
33,#201310179541,3,17-Oct-13,4-Mar-15,ISSUED,9,27-Feb-16,3600,5000,1 FAMILY DWELLING,1,1 FAMILY DWELLING,1,2,,3,3,,,6,7148,53,149,,HABITAT,TR,,,TROY,LANCASTER,5102463015,WESTERN STATES FIRE PROTECTION CO.,4740,NORTHGATE,BL,SACRAMENTO,CA,95834-0000,,,FIRE SPRINKLER BUILDING.,37.7109955,-122.4599426
34,#201310179542,3,17-Oct-13,4-Mar-15,ISSUED,9,27-Feb-16,3600,5000,1 FAMILY DWELLING,1,1 FAMILY DWELLING,1,2,,3,3,,,6,7148,52,151,,HABITAT,TR,,,TROY,LANCASTER,5102463015,WESTERN STATES FIRE PROTECTION CO.,4740,NORTHGATE,BL,SACRAMENTO,CA,95834-0000,,,FIRE SPRINKLER BUILDING.,37.6904721,-122.4624513
35,#201310179543,3,17-Oct-13,4-Mar-15,ISSUED,9,27-Feb-16,3600,5000,1 FAMILY DWELLING,1,1 FAMILY DWELLING,1,2,,3,3,,,6,7148,50,152,,HABITAT,TR,,,TROY,LANCASTER,5102463015,WESTERN STATES FIRE PROTECTION CO.,4740,NORTHGATE,BL,SACRAMENTO,CA,95834-0000,,,FIRE SPRINKLER BUILDING.,37.7109955,-122.4599426
36,#201310179544,3,17-Oct-13,4-Mar-15,ISSUED,9,27-Feb-16,3600,5000,1 FAMILY DWELLING,1,1 FAMILY DWELLING,1,2,,3,3,,,6,7148,51,154,,HABITAT,TR,,,TROY,LANCASTER,5102463015,WESTERN STATES FIRE PROTECTION CO.,4740,NORTHGATE,BL,SACRAMENTO,CA,95834-0000,,,FIRE SPRINKLER BUILDING.,37.7109955,-122.4599426
37,#201312184504,3,18-Dec-13,4-Mar-15,ISSUED,9,11-Feb-19,5687824,5687824,OFFICE,0,OFFICE,0,2,,20,20,20,,125,3735,62,75,,HAWTHORNE,ST,,,DOUG,GEARMAN,4157057900,TURNER CONSTRUCTION CO,343,SANSOME ST  STE 500,,SAN FRANCISCO,CA,94104-0000,,,17/F  18/F & 19/F FULL TENANT IMPROVEMENT  SELECTIVE DEMO  PARTITIONS  STRUCTURAL & MEP  REMODEL RESTROOM  FIRE ALARM & SPRINKLERS ON SEPARATE PERMIT,37.7853702,-122.3981381
38,#201312245004,3,24-Dec-13,4-Mar-15,ISSUED,9,16-Feb-18,"1,370,709.21","1,370,709.21",PUBLIC ASSMBLY OTHER,0,PUBLIC ASSMBLY OTHER,0,2,,2,2,4,,72,5311,36,4705,,03RD,ST,,,MATTHEW HUEY,,4155589778,HUEY CONST MNGMT CO INC - DBA M H CONST.,1630,17TH ST,,SAN FRANCISCO,CA,94107-0000,,,ACCESSIBLE SITE PATH  HARDSCAPE AND LAVOSCAPE IN PROVEMENTS  EXISTING OUT DOOR STAGE AND SEATING  BLDG RENOVATION; ACCESSIBLE UPGRADES MAIN ENTRANCE @ MAIN LEVEL  ADDITION ACCESSIBLE RESTROOM AT LOWER LEVEL  ACCESSIBLE ACCESS TO STAGE  WATER PROOFING OF S WALL  BALCOVT STRUCTURAL UPGRADES.,37.7350724,-122.3902237
39,#201408143822,3,14-Aug-14,4-Mar-15,ISSUED,9,27-Feb-16,20000,20000,OFFICE,0,OFFICE,0,2,,4,4,4,,16,195,1,735,,MONTGOMERY,ST,,,JUSTIN BALOUGH,,9258495324,ELECTRIC TECH CONSTRUCTION INC,1910,MARK,CT,CONCORD,CA,94520-0000,,,"ADD NEW 2.5 EQUIPMENT INSIDE (E) MMBS CABINET & (E) BBU CABINET. REMOVE & REPLACE (E) SPRINT NV ANTENNAS W/ 1 NEW TRIBAND ANTENNA AT EACH OF 3 SECTORS  A  B & C. (NET TOTAL: 3 ANTENNA). ADD NEW COAZ JUMPER LINES FROM RRHS TO NEW ANTENNAS. ADD NEW 36"" 0 RADOME AT SECTOR A & C. NEW 36"" H-FRAME.",37.7962418,-122.4036981
40,#201412103518,3,10-Dec-14,4-Mar-15,ISSUED,9,16-Feb-18,200000,200000,OFFICE,,OFFICE,,2,,10,10,10,,3,309,20,240,,STOCKTON,ST,,,VICENTE,AYALA,4155857879,BLUE BAY PAINTING CONTRACTOR,1485,BAYSHORE,ST,SAN FRANCISCO,CA,94124-0000,,,REMOVE DAMAGE CONCRETE IN FRONT & SIDE OF BLDG. INSTALL NEW ONE LESS THAN 50%. IN-KIND REPAIR ONLY.,37.7882357,-122.4064178
41,#201311252758,3,25-Nov-13,5-Mar-15,ISSUED,9,17-Feb-18,800000,200000,1 FAMILY DWELLING,1,1 FAMILY DWELLING,1,2,,4,4,2,,34,953,8,2636,,VALLEJO,ST,,,STEPHEN,STROUB,4153310621,STROUB CONSTRUCTION,300,MAIN,ST,SAUSALITO,CA,94965-2412,,,BUILD OUT AREA UNDER(E) 2ND FLOOR DECK. CUT BACK ROOF AT REAR TO ENLARGE (E) ROOF DECK. ** MAHER: COMPLIANCE WITH ORDINANCE NO# 155-13 NOT REQUIRED **,37.794796,-122.440739
42,#201402138456,3,13-Feb-14,5-Mar-15,ISSUED,9,17-Feb-18,50000,172800,1 FAMILY DWELLING,1,2 FAMILY DWELLING,2,2,Y,2,2,1,,14,1567,32,3339,,ANZA,ST,,,OWNER,OWNER,,OWNER,,OWNER,,OWNER,CA,00000-0000,,,HORIZONTAL ADDITION & ADD A NEW UNIT AT GROUND. ADD ONE FULL BATH  BEDROOM & ROOF DECK AT 2ND FLOOR & LAUNDRY ROOM AT GROUND.,37.777933,-122.484241
43,#201402148536,3,14-Feb-14,5-Mar-15,ISSUED,9,1-Feb-21,5000000,5000000,APARTMENTS,101,APARTMENTS,101,2,Y,12,12,12,,66,324,24,477,,OFARRELL,ST,,,CAHILL CONTRACTORS  INC.,,4158249100,CAHILL CONTRACTORS  INC.,425,CALIFORNIA,ST,SAN FRANCISCO,CA,94102-0000,,,REMOVE & REPLACE ALL(E)EXTERIOR WINDOWS  REPLACE IN-KIND. PROVIDE(N) EXTERIOR ELASTOMERIC PAINT TO EXTERIOR OVER(E)CLADDING @ GROUND LEVEL LOBBY UPGRADES  (N)INTERIOR FINISHES & SPACE CONFIGURATION. SMALL 2-STORY HORIZONTAL ADDITION @ LOBBY TO SENIOR HOUSING & REAR YARD WORK. MECH/PLUMB/ELEC UPGRAD,37.7857019,-122.412378
44,#201404244064,3,24-Apr-14,5-Mar-15,ISSUED,9,17-Feb-18,195000,246000,1 FAMILY DWELLING,1,1 FAMILY DWELLING,1,2,Y,3,4,2,,11,6535,42,21,,JERSEY,ST,,,OWNER,OWNER,,OWNER,,OWNER,,OWNER,CA,00000-0000,,,SITE PERMIT FOR 900 SQ. FT. VERTICAL ADDITION TO INCLUDE NEW 1 BEDROOM  NEW FAMILY ROOM  1 BATHROOM  ROOF DECK  EXTERIOR STAIRS AT REAR.,37.750743,-122.425709
45,#201406300092,3,30-Jun-14,5-Mar-15,ISSUED,9,17-Feb-18,186000,320000,1 FAMILY DWELLING,1,1 FAMILY DWELLING,1,2,,3,3,2,,19,5667,8,24,,BENNINGTON,ST,,,HENRY,KARNILOWICZ,4156217533,OCCIDENTAL EXPRESS,1019,HOWARD,ST,SAN FRANCISCO,CA,94103-2806,,,INTERIOR REMODELING INCLUDING KITCHEN & BATHROOM  STRUCTURAL UPGRADE  INSTALLING SKYLIGHTS  NEW STAIRS AND REPLACINGS WINDOWS  AND EXTERIOR ALTERTIONS INCLUING BAY WINDOW REPLACEMENT.,37.73982,-122.417954
46,#201306129377,3,12-Jun-13,6-Mar-15,ISSUED,9,18-Feb-18,180000,180000,RETAIL SALES,0,RETAIL SALES,0,2,,5,5,5,,10,311,5,660,,MARKET,ST,,,RON,TAYLOR,9259346133,TERRA NOVA INDUSTRIES,1607,TICE VALLEY,BL,WALNUT CREEK,CA,94563,,,MINOR PERMIT TO ALTER REMOVE EXITING EXTERIOR ELVATION  REPLACE EXISTING GLASS STORE FRONT AND AWNING.,37.7883067,-122.402957
47,#201403120518,3,12-Mar-14,6-Mar-15,ISSUED,9,18-Feb-18,93368,110000,1 FAMILY DWELLING,1,1 FAMILY DWELLING,1,2,Y,2,2,1,,12,5661,27,255,,ELLSWORTH,ST,,,OWNER,OWNER,,OWNER,,OWNER,,OWNER,CA,00000-0000,,,"HORIZ ADDITION INTO REAR YARD 2 STORIES APPROX 4'-4"".REMODEL KITCHEN. HORIZ FILL IN SIDEYARD APPROX 9'-0"" 1 STORY. ROOF DECK ON TOP & STAIRS. DEVELOPE GROUND FL ROOMS FOR(N)BATH (N)BEDROOM  MUDROOM & LAUNDRY. ADD(N)SKYLIGHTS. MATCH GABLE ROOF.(N)SITE DECKS <30"" HIGH. (N)FOOTING  GENERAL MEP UPGRADES",37.7394959,-122.4144406
48,#201407100924,3,10-Jul-14,6-Mar-15,ISSUED,9,29-Feb-16,20000,20000,APARTMENTS,9,APARTMENTS,9,2,,10,10,,,14,564,19,2288,,BROADWAY,*,,,JUSTIN BALOUGH,,9258495324,ELECTRIC TECH CONSTRUCTION INC,1910,MARK,CT,CONCORD,CA,94520-0000,,,SPRINT: ADD (3)2.5 ANTENNAS (1) EACH@SECTORS A B C;ADD(3)2.5 RRH (1) EACH@SECTORSA B C;ADD NEW COAX JUMPER LINES FR RRHS TO NEW ANTENNAS;RE-USE(E)HYBRID CABLE OR INSTALL NEW AS NEEDED;ADD NEW 2.5 EQUIPMENT INSIDE (E)MMBS CABINET;ADD NEW 2.5 BATTERIES INSIDE(E)BBU CABINET. Remove Nextel,37.794623,-122.434759
49,#201407100924,3,10-Jul-14,6-Mar-15,ISSUED,9,29-Feb-16,20000,20000,APARTMENTS,9,APARTMENTS,9,2,,10,10,,,14,564,25,2288,,BROADWAY,*,0,,JUSTIN BALOUGH,,9258495324,ELECTRIC TECH CONSTRUCTION INC,1910,MARK,CT,CONCORD,CA,94520-0000,,,SPRINT: ADD (3)2.5 ANTENNAS (1) EACH@SECTORS A B C;ADD(3)2.5 RRH (1) EACH@SECTORSA B C;ADD NEW COAX JUMPER LINES FR RRHS TO NEW ANTENNAS;RE-USE(E)HYBRID CABLE OR INSTALL NEW AS NEEDED;ADD NEW 2.5 EQUIPMENT INSIDE (E)MMBS CABINET;ADD NEW 2.5 BATTERIES INSIDE(E)BBU CABINET. Remove Nextel,37.794623,-122.434759
50,#201409196879,3,19-Sep-14,6-Mar-15,ISSUED,9,29-Feb-16,5000,15000,1 FAMILY DWELLING,1,1 FAMILY DWELLING,1,2,Y,1,3,1,,7,62,10,412,,LOMBARD,ST,,,MARK FORSYTHE,,4154409191,FORSYTHE GENERAL CONTRACTORS,3108,FILLMORE,ST,SAN FRANCISCO,CA,94123-0000,,,RESPONSE TO NOV/COMPLAINT #201490491. PROJECT IS THE REMODEL OF 1-STORY OVER BASEMENT SINGLE FAMILY DWELLING W/ A 2-STORY VERTICAL ADDITION. PERMIT APPLICATION FOR THE WORK IS 200811076053 W/ SUBSEQUENT ADDENDA/REVISIONS #201311182218  201312174348  201401287207 & 201403100369 & 201404284372.,37.80357,-122.4085555
51,#201501085228,3,8-Jan-15,6-Mar-15,ISSUED,9,29-Feb-16,8000,20000,1 FAMILY DWELLING,1,1 FAMILY DWELLING,1,2,,1,3,1,,14,519,36,1865,,GREENWICH,ST,,,PAUL,MC KEOWN,4153057185,HYLINE CONSTRUCTION INC,1651,CHURCH,ST,SAN FRANCISCO,CA,94131-0000,,,REVISION TO PA# 2012-0202-3456 and PA# 2014-0911-6092. ADDITION OF ROOF DECK  ACCESSED BY STAIR FROM FOURTH FLOOR AND ROOF HATCH.,37.799449,-122.430352
52,#201502128240,3,12-Feb-15,6-Mar-15,ISSUED,9,29-Feb-16,30000,30000,OFFICE,,OFFICE,,2,,3,3,0,,10,13,16,145,,JEFFERSON,ST,0,,RANDY GENE,FOX,8003932629,FOX SECURITY AND COMMUNICATIONS  INC.,611,TAYLOR,WY,SAN CARLOS,CA,94070-0000,,,REVISION TO PERMIT #201403281944 TO INSTALL GRAPHIC ANNUNCIATOR. (MAHER ORDINANCE EXTENDED ORDINANCE 155-13 NOT REQUIRED),37.8081372,-122.414542
53,#201403110421,3,11-Mar-14,9-Mar-15,ISSUED,9,3-Mar-16,20000,20000,1 FAMILY DWELLING,1,1 FAMILY DWELLING,1,2,Y,2,2,1,,10,2716,41,94,,STANTON,ST,,,BAI YUAN,LI,4156610398,BAI YUAN LI,2455,18TH,AV,SAN FRANCISCO,CA,94116-0000,,,NEW DECK ADDITION TO REAR OF (E) HOUSE. ALTERATION TO (E) BASEMENT BEDROOM  LEGALIZE (E) BEDROOM & BATH.,37.756912,-122.442228
54,#201403120519,3,12-Mar-14,9-Mar-15,ISSUED,9,3-Mar-16,8000,26600,2 FAMILY DWELLING,2,2 FAMILY DWELLING,2,2,Y,3,3,3,,8,116,19,558,,GREEN,ST,,,OWNER,OWNER,,OWNER,,OWNER,,OWNER,CA,00000-0000,,,ROOF DECK ABOVE 3RD FL UNIT,37.7996173,-122.408353
55,#201502239100,3,23-Feb-15,9-Mar-15,ISSUED,9,3-Mar-16,27500,27500,OFFICE,0,OFFICE,0,2,,9,9,9,,4,3722,71,116,,NEW MONTGOMERY,ST,,,SUSAN,POTTER,5105813473,POTTER FIRE PROTECTION,22156,MEEKLAND,AV,HAYWARD,CA,94541,,,INSTALL FIRE SPRINKLERS THROUGHOUT FLOOR  TOTAL 53.  EXISTING VALVES AND MONITORING SYSTEM. T.I.  PA# 201411060850. N/A ORDINANCE #155-13,37.7871885,-122.400534
56,#201402118316,3,11-Feb-14,10-Mar-15,ISSUED,9,4-Mar-16,35700,65000,1 FAMILY DWELLING,1,1 FAMILY DWELLING,1,2,,3,3,2,,4,6052,7,580,,GOETTINGEN,ST,,,OWNER,OWNER,,OWNER,,OWNER,,OWNER,CA,00000-0000,,,1)COMPLY WITH COMPLAINT #201342316 2)REMOVE 3 UNPERMITTED KITCHEN AT 1ST  FLOOR AND 3RD FLOOR. 3)LEGALIZE 1 BEDROOMS  2 HALF BATH  STORAGE  FAMILY AND LAUNDRY ROOM AT 1ST FLOOR.,37.724635,-122.405927
57,#201405166034,3,16-May-14,10-Mar-15,ISSUED,9,22-Feb-18,50000,150600,APARTMENTS,16,SCHOOL,16,2,,5,5,,,6,4058,8,610,,20TH,ST,,,,,,,,,,,,,,,T.I./CHANGE OCCUPANCY FROM EMPTY SPACE TO E OCCUPANCY. (N) DOORS  WALLS  2 (N) TOILETS  1 KITCHENNET  (N) CEILING  GUARDRAILS  FLOOR & WALL FINISHES. SPRINKLER  MECHANICAL  ELECTRICAL  PLUMBING & FIRE ALARM ARE UNDER SEPERATE PERMIT.(COMPLIANCE W/ MAHER ORDINANCE NO.155-13 NOT REQ'D),37.7605742,-122.3877125
58,#201410290183,3,29-Oct-14,10-Mar-15,ISSUED,9,4-Mar-16,8000,8000,2 FAMILY DWELLING,2,2 FAMILY DWELLING,2,2,Y,3,3,2,,11,1031,5,1735,,LYON,ST,,,OWNER,OWNER,,OWNER,,OWNER,,OWNER,CA,00000-0000,,,REVISION TO PA# 2014/06/25/9478. FILL IN LIGHTWELL @ 1ST STORY NORTH ELEVATION. PROVIDE STAIR FROM 1ST FLOOR GARAGE TO 2ND FLOOR.,37.78696900000001,-122.445672
59,#201411252542,3,25-Nov-14,10-Mar-15,ISSUED,9,22-Feb-18,225000,275000,1 FAMILY DWELLING,1,1 FAMILY DWELLING,1,2,Y,2,2,1,,13,5670,9,232,,ELSIE,ST,,,TONY,LEE,4156406474,HING WAH CONSTRUCTION INC,1315,GENEVA,AV,SAN FRANCISCO,CA,94112-0000,,,HORIZONTAL EXTENSION @ REAR. NEW STAIR DOWN TO NEW OCCUPIED FLOOR WITH 2 NEW BEDROOMS  2 NEW BATHS & NEW PLAYROOM.,37.7404995,-122.4194712
60,#201501145767,3,14-Jan-15,10-Mar-15,ISSUED,9,22-Feb-18,155000,155000,1 FAMILY DWELLING,1,2 FAMILY DWELLING,2,2,Y,3,3,2,,11,3621,30,895,,NOE,ST,,,PATRICK,REILLY,4153173731,TRIM FIT CONSTR. - O'REILLY ENGINEERING,121,SCENIC,CT,SAN BRUNO,CA,94066-0000,,,REMODEL & ENLARGE BASEMENT TO CREATE NEW LIVING UNIT W/ KITCHEN & BATH. NEW DORMER AT TOP FLOOR,37.754911,-122.431871
61,#201303293348,3,29-Mar-13,11-Mar-15,ISSUED,9,23-Feb-18,1100000,1100000,1 FAMILY DWELLING,1,1 FAMILY DWELLING,1,2,Y,2,2,2,,34,3605,19,3660,,21ST,ST,,,MARK FORSYTHE,,4154409191,FORSYTHE GENERAL CONTRACTORS,3108,FILLMORE,ST,SAN FRANCISCO,CA,94123-0000,,,A REMODEL & ADDITION OF A SFR INTERIOR RENOVATION AT ALL LEVELS & NEW WINDOWS & DOORS AT ALL LEVELS EXPANSION OF 1ST & 2ND LEVEL. EXPANSION OF 1ST FLOOR IS ADDITIONAL LIVING SPACE EXPANSION AT 2ND FLOOR IS FOR 2 ADDITIONAL BEDROOMS.,37.756659,-122.429202
62,#201306210174,3,21-Jun-13,11-Mar-15,ISSUED,9,23-Feb-18,400000,400000,1 FAMILY DWELLING,1,1 FAMILY DWELLING,1,2,Y,1,2,1,,6,2482,25,300,,WAWONA,ST,,,OWNER,OWNER,,OWNER,,OWNER,,OWNER,CA,00000-0000,,,ADDING 2ND STORY MAIN MASTER BEDROOM & BATH. REMODELING & EXPANDING KITCHEN CONNECTING BASEMENT W/ INTERNAL STAIR. FINISHING & EXPLANDING BASEMENT.,37.738506,-122.470016
63,#201403181050,3,18-Mar-14,11-Mar-15,ISSUED,9,5-Mar-16,73000,73000,FOOD/BEVERAGE HNDLNG,0,FOOD/BEVERAGE HNDLNG,0,2,,4,4,4,,20,228,9,558,,SACRAMENTO,ST,,,DON,SANTOS,8666253732,MAKE READY MAINTENANCE INC,1548,W. WINTON,AV,HAYWARD,CA,94560-0000,,,INTERIOR REMODEL OF THE 4TH FL OF EXISTING 4 STORY BUILDING THAT IS MOSTLY RESTAURANT. 4TH  FL IS BEING RENOVATED FROM OFFICE TO RESTAURANT. 3RD FLOOR TO BE PERMITTED FOR DINING. SPRINKLERS THORUGHOUT AND F/A UNDER SEPARATE PERMIT. MAHER-COMPLIANCE WITH ORDINANCE NO.155-13 NOT REQUIRED.,37.7939904,-122.402351
64,#201406168455,3,16-Jun-14,11-Mar-15,ISSUED,9,5-Mar-16,15000,15000,1 FAMILY DWELLING,1,1 FAMILY DWELLING,1,2,,2,2,2,,12,679,020A,2385,,BUSH,ST,,, KAI CHENG,TANG,4152718828,AMHERST ASSOCIATES CONST,68,DORADO,TR,SAN FRANCISCO,CA,94112-0000,,,ADD PARKING SPACE TO (E) SINGLE FAMILY DWELLING. [INCREASE CEILING HEIGHT OF REAR PORTION @ 1ST FLOOR -this work requires a variance and was eliminated from project scope -LA] ** MAHER: COMPLIANCE WITH ORDINANCE NO# 155-13 NOT REQUIRED **,37.7864239,-122.436497
65,#201408083362,3,8-Aug-14,11-Mar-15,ISSUED,9,23-Feb-18,200000,200000,2 FAMILY DWELLING,2,2 FAMILY DWELLING,2,2,Y,3,4,0,,14,3538,116,32,,WALTER,ST,0,,OWNER,OWNER,,OWNER,,OWNER,,OWNER,CA,00000-0000,,,REMODEL (E) KITCHEN  BATHROOM  BEDROOMS  LIVING AND DINING SPACES ON 3/F REMOVE AN(E) BATHRM ON 3/F. NEW 4/F STAIR TO 4/F (N) MASTER BEDRM  BATHRM  CLOSET AND SITTING RM. MECHANICAL IN ATTIC SPACE  BOILER IN GARAGE,37.768628,-122.432682
66,#201309126610,3,12-Sep-13,12-Mar-15,ISSUED,9,24-Feb-18,200000,300000,1 FAMILY DWELLING,1,2 FAMILY DWELLING,2,2,Y,2,2,1,,17,1806,019A,1474,,48TH,AV,,,ALIREZA (REZA),ERAMI,5102772326,ICR BUILDERS INC,2420,SAN PABLO,AV,OAKLAND,CA,94612-0000,,,REAR HORIZONTAL ADDITON OF TWO STORY BUILDING. PROVIDE ADDITIONAL DWELLING.,37.758966,-122.507642
67,#201310310802,3,31-Oct-13,12-Mar-15,ISSUED,9,24-Feb-18,180000,232000,1 FAMILY DWELLING,1,2 FAMILY DWELLING,2,2,,2,3,2,,9,1550,45,522,,08TH,AV,,,,,,,,,,,,,,,VERTICAL & HORIZONTAL REAR ADDITION OF (E) BUILDING. CONVERT SINGLE FAMILY DWELLING TO 2 UNITS BUILDING.,37.77853,-122.465924
68,#201311212535,3,21-Nov-13,12-Mar-15,ISSUED,9,24-Feb-18,310000,600000,1 FAMILY DWELLING,1,1 FAMILY DWELLING,1,2,Y,3,3,2,,34,6591,33,461,,27TH,ST,,,BRAD D.,DORAN,4153100467,DORAN CONSTRUCTION & DESIGN,,P.O. BOX 460155,,SAN FRANCISCO,CA,94146-0000,,,BLDG RENOVATION & ADDITION  INCLUDING RAISING OF (E) HOME BY 18 INCHES. FULL SEISMIC UPGRADE TO (E) STRUCTURE. UPGRADE (E) WINDOWS ON FACADE IN KIND & ADD GARAGE DOOR  KEEP ALL HISTORIC DETAILING. FULL INTERIOR REMODEL WITH REAR ADDITION AT EACH LEVEL.,37.746443,-122.430455
69,#201408204261,3,20-Aug-14,12-Mar-15,ISSUED,9,24-Feb-18,600000,747000,2 FAMILY DWELLING,2,2 FAMILY DWELLING,2,2,Y,2,3,2,,19,942,28,2741,,GREENWICH,ST,,,OWNER,,,OWNER,,OWNER,,OWNER,CA,00000-0000,,,NEW PARTIAL THIRD FL FOR REC ROOM  NEW REAR ADDITION AT 1ST FL FOR MASTER BEDROOM AND 2ND FL FOR FAMILY ROOM  RELOCATE LOWER UNIT TO BASEMENT LEVEL  NEW ELEVATOR  DESIGN/BUILD SPRINKLER SYSTEM UNDER SEPARATE PERMIT.2/11/15: GREEN PRIORITY PERMIT PER AB-004 PER J. ROMAIDIS. BYAN.,37.7976766,-122.4448233
70,#201408204261,3,20-Aug-14,12-Mar-15,ISSUED,9,24-Feb-18,600000,747000,2 FAMILY DWELLING,2,2 FAMILY DWELLING,2,2,Y,2,3,2,,19,942,28,2743,,GREENWICH,ST,,,OWNER,,,OWNER,,OWNER,,OWNER,CA,00000-0000,,,NEW PARTIAL THIRD FL FOR REC ROOM  NEW REAR ADDITION AT 1ST FL FOR MASTER BEDROOM AND 2ND FL FOR FAMILY ROOM  RELOCATE LOWER UNIT TO BASEMENT LEVEL  NEW ELEVATOR  DESIGN/BUILD SPRINKLER SYSTEM UNDER SEPARATE PERMIT.2/11/15: GREEN PRIORITY PERMIT PER AB-004 PER J. ROMAIDIS. BYAN.,37.7977876,-122.4448873
71,#201410249846,3,24-Oct-14,12-Mar-15,ISSUED,9,24-Feb-18,310000,350000,RETAIL SALES,0,HEALTH STUDIOS & GYM,0,2,,1,1,1,,121,2647,35,400,,CASTRO,ST,,,DANIEL,PICKART,4157853860,AP- BUILD INC,2257,LARKSPUR LANDING,CR,LARKSPUR,CA,94939-0000,,,CHANGE OF USE FROM M TO A-3  NEW CYCLING GYM  IN CONJUNCTION WITH PENDING C.U.CASE #2014-0985.,37.76229650000001,-122.4354263
72,#201411101168,3,10-Nov-14,12-Mar-15,ISSUED,9,6-Mar-16,35000,40000,RETAIL SALES,16,RETAIL SALES,16,2,,2,2,3,,9,194,12,914,,GRANT,AV,,,POH,YEE,4083983109,CALPO CONSTRUCTORS,10697,N. STELLING ROAD,,CUPERTINO,CA,95014-0000,,,COMPLY WITH COMPLAINT#201405191. TO LEGALIZE INTERIOR REMODEL OF COMMERCIAL SPACE TO INCLUDE NEW BATHROOM  REMOVAL AND REPLANCEMENT OF WALL AND CEILING FINISHES  NEW LIGHTING THROUGHOUT AND (N) STOREFRONT DOORS,37.7953839,-122.4064228
73,#201412163887,3,16-Dec-14,12-Mar-15,ISSUED,9,6-Mar-16,45000,80000,APARTMENTS,12,APARTMENTS,13,2,,4,4,3,,5,830,14,500,,BUCHANAN,ST,,,EVERARDO,CABRAL,4153779126,L CABRAL CONSTRUCTION,1354,HAMPSHIRE,ST,SAN FRANCISCO,CA,94110-0000,,,"PROJECT WILL LEGALIZE AN (E) DWELLING UNIT INSTALLED WITHOUT PERMIT PER ORDINANCE #43-14. ALSO (12) (E) WINDOWS WILL BE REPLACED ""IN-KIND"" SAME LOCATION.",37.7746074,-122.4273894
74,#201501065010,3,6-Jan-15,12-Mar-15,ISSUED,9,24-Feb-18,325000,425000,RETAIL SALES,0,RETAIL SALES,0,2,Y,2,2,2,,106,30,12,2598,,TAYLOR,ST,,,WALT,REESE,9167865112,REEVE-KNIGHT CONSTRUCTION INC.,128,ASCOT,DR,ROSEVILLE ,CA,95661-0000,,,REVISION APPL. 201404183640. INTERIOR T.I. IMPROVEMENT REVISIONS. NEW STAIRCASE AND ELEVATOR AND REMOVAL OF EXISTING. 663 S.F. OF INFILL TO SECOND FLOOR. NEW LIGHTING FIXTURE LAYOUT AND REMOVAL OF NEW SKYLIGHTS. MAHER N/A.,37.8062555,-122.4151678
75,#201501065041,3,6-Jan-15,12-Mar-15,ISSUED,9,24-Feb-18,325000,425000,RETAIL SALES,0,RETAIL SALES,0,2,,2,2,2,,100,30,13,2552,,TAYLOR,ST,,,WALT,REESE,9167865112,REEVE-KNIGHT CONSTRUCTION INC.,128,ASCOT,DR,ROSEVILLE ,CA,95661-0000,,,REVISION TO APPL. 201404183636. INTERIOR T.I. REVISION. ADDITIONAL DOORS AND PLUMBING TO BE REMOVED. NEW LIGHT FIXTURE LAYOUT AND REMOVAL OF PROPOSED NEW SKYLIGHTS FORM APPROVED PLAN. MAHER N/A.,37.805808,-122.414384
76,#201501085235,3,8-Jan-15,12-Mar-15,ISSUED,9,6-Mar-16,35000,55000,APARTMENTS,5,APARTMENTS,5,2,,4,4,3,,14,1002,32,2845,,WASHINGTON,ST,,,,,,,,,,,,,,,COMPLIANCE W/MANDATORY SOFT STORY PROGRAM 2012 IEBC APPENDIX A-4.,37.790605,-122.439989
77,#201405297021,3,29-May-14,13-Mar-15,ISSUED,9,25-Feb-18,300000,300000,,0,PUBLIC ASSMBLY OTHER,0,2,,2,1,2,,18,717,8,746,,ELLIS,ST,,,,,,,,,,,,,,,CHANGE OF USE- T.I. at (N) 1/F- from AUTOBODY GLASS REPAIR SHOP TO ASSEMBLY/ COMMUNITY CENTER FOR A RELIGIOUS NON PROFIT ORG; and re-defining the story above grade plane; signage under separate permit. N/A MAHER,37.784402,-122.418555
78,#201406118116,3,11-Jun-14,13-Mar-15,ISSUED,9,7-Mar-16,20000,20000,TOURIST HOTEL/MOTEL,155,TOURIST HOTEL/MOTEL,155,2,,5,5,5,,16,3727,1,112,,07TH,ST,,,VICTORIA,FENTON,4156423000,METROPOLITAN ELECTRIC,2400,03RD,ST,SAN FRANCISCO,CA,94107,,,REPLC 2 OF 2 PANEL ANTENNAS.1EA AT SECTORS A&B.ADD2 2.5 RRH 1EA AT SECTORS A&B.ADD NEW COAX JUMPER LINES FR RRHS TO NEW ANTENNAS REUSE(E)HYBRID CABLES OR INSTALL NEW AS NEEDED.ADD(N)CABLE SHROUDS AT EA OF 3 ANTENNAS.ADD NEW 2.5 EQUIP INSIDE(E)MMBS CABINET.ADD NEW 2.5 BATTERIES INSIDE (E) BBU CABINET,37.7789151,-122.4109069
79,#201409297583,3,29-Sep-14,13-Mar-15,ISSUED,9,7-Mar-16,20000,20000,TOURIST HOTEL/MOTEL,1500,TOURIST HOTEL/MOTEL,1500,2,,36,36,0,,15,3706,96,55,,04TH,ST,,,TRITON TOWER INC,,9163758546,TRITON TOWER INC,3124,INDUSTRIAL BLVD,,WEST SACRAMENTO,CA,95691-0000,,,SPRINT RELOC 3 NV 800/1900 ANTENNAS.1@SECTOR A B C.ADD 3 2.5 PANEL ANTENNAS.1@SECTORS A B C.ADD 3 2.5 RRH 1@SECTOR A B C.ADD(N)2.5 EQUIP INSIDE(E)MMBS CABINET.(N)2.5 BATTERIES INSIDE(E)BBU 4th.ADD(N)COAX JUMPER LINES FR RRH TO(N)ANTENNAS.RE-USE(E)HYBRID CABLE OR INSTALL(N)AS NEEDED.ADD STEALTH encl,37.785128,-122.4046809
80,#201410038103,3,3-Oct-14,13-Mar-15,ISSUED,9,7-Mar-16,12000,12000,OFFICE,,OFFICE,,2,,4,4,4,,13,228,3,407,,SANSOME,ST,,,BEJHAN & GAIL RAZI,RAZI,3105000583,CAMELLO INC.,,P.O. BOX 1454,,MILL VALLEY,CA,94942-0000,,,REPLACEMENT OF NON-HISTORIC ALUMINUM WINDOWS  THREE WINDOWS  3 WINDOWS TOTAL WITH NEW CUSTOM WOOD WINDOWS TO MATCH HISTORIC WOOD WINDOWS ADJACENT. N/A FOR THE MAHER,37.7941422,-122.4016915
81,#201411131416,3,13-Nov-14,13-Mar-15,ISSUED,9,7-Mar-16,20000,30000,APARTMENTS,10,APARTMENTS,10,2,,3,3,3,,6,1254,18,795,,ASHBURY,ST,,,,,,,,,,,,,,,RETROFIT BASEMENT IN COMPLIANCE WITH SFBC AB107.,37.7673119,-122.4467
82,#201404092857,3,9-Apr-14,16-Mar-15,ISSUED,9,10-Mar-16,75000,75000,1 FAMILY DWELLING,1,1 FAMILY DWELLING,1,2,,1,2,1,,30,6552,35,153,,CLIPPER,ST,,,DARREL,HARRIS,5102711820,HCG ASSOCIATES INC,1300,CLAY,ST,OAKLAND,CA,94612-0000,,,CONVERT (E) UNDERFLOOR BASEMENT INTO LIVING SPACE  PARKING GARAGE & BATHROOM.,37.748979,-122.42838
83,#201408073320,3,7-Aug-14,16-Mar-15,ISSUED,9,10-Mar-16,20000,20000,TOURIST HOTEL/MOTEL,27,TOURIST HOTEL/MOTEL,27,2,,3,3,4,,16,298,14,700,,JONES,ST,,,JUSTIN BALOUGH,,9258495324,ELECTRIC TECH CONSTRUCTION INC,1910,MARK,CT,CONCORD,CA,94520-0000,,,SPRINT FACILITY: ADD (2)2.5 PANEL ANTENNAS (1)EA @ SECTORS A&B. ADD (2)RRH (1)EA @ SECTORS A&B; ADD (N)COAX JUMPER LINES FROM RRHs TO (N)ANTENNAS. RE-USE (E)HYBRID CABLES OR INSTALL (N)AS SEEDED. ADD (N)2.5 EQUIPMENT INSIDE (E)MMBS CABINET. ADD (N)2.5 BATTERIES INSIDE (E)BBU CABINET; ADD (N)RF COMP,37.7879178,-122.4132076
84,#201410229558,3,22-Oct-14,16-Mar-15,ISSUED,9,10-Mar-16,2000,10000,2 FAMILY DWELLING,2,2 FAMILY DWELLING,2,2,Y,2,2,2,,10,6527,19,170,,CYPRESS,ST,,,RON,MATOCK,2094832290,K & M CONSTRUCTION,1519,LONDON,CR,BENICIA,CA,94510-0000,,,REVISION TO PERMIT 201312053449; ADDITION OF A STAIR FROM SECOND FLOOR TO GROUND.,37.7495984,-122.4166092
85,#201410229558,3,22-Oct-14,16-Mar-15,ISSUED,9,10-Mar-16,2000,10000,2 FAMILY DWELLING,2,2 FAMILY DWELLING,2,2,Y,2,2,2,,10,6527,19,172,,CYPRESS,ST,,,RON,MATOCK,2094832290,K & M CONSTRUCTION,1519,LONDON,CR,BENICIA,CA,94510-0000,,,REVISION TO PERMIT 201312053449; ADDITION OF A STAIR FROM SECOND FLOOR TO GROUND.,37.7495666,-122.4166064
86,#201501135645,3,13-Jan-15,16-Mar-15,ISSUED,9,10-Mar-16,30000,30000,APARTMENTS,8,APARTMENTS,8,2,,2,2,2,,5,7098,001E,11,,NAGLEE,AV,,,OWNER,OWNER,,OWNER,,OWNER,,OWNER,CA,00000-0000,,,SOFT STORY RETROFIT PER SFBC CHAPTER 34B. FEMA P-807.,37.7117602,-122.4464524
87,#201501236545,3,23-Jan-15,16-Mar-15,ISSUED,9,23-Feb-19,3100000,3100000,OFFICE,,OFFICE,,2,,19,19,7,,61,3744,3,345,,SPEAR,ST,0,,MIKE,SCRIBER,4158175100,BCCI CONSTRUCTION COMPANY,185,BERRY,ST,SAN FRANCISCO,CA,94107,,,7TH FLOOR: TI. INCLUDE DEMO  REFURBISHING OF (E) RESTROOMS  NEW PARTITIONS & NEW CEILINGS. MEP  FIRE ALARM AND SPRINKLERS UNDER SEPARATE PERMIT. NEW OCCUPANT LOADS AND PAVERS ON ROOF. SFFD ASSEMBLY PERMIT REQUIRED.** MAHER: COMPLIANCE WITH ORDINANCE NO# 155-13 NOT REQUIRED **,37.7900464,-122.3905599
88,#201502037369,3,3-Feb-15,16-Mar-15,ISSUED,9,28-Feb-18,275000,275000,OFFICE,0,OFFICE,0,2,,17,17,17,,15,3701,65,1275,,MARKET,ST,0,,KEVIN,MITCHELL,4157823700,DPR CONSTRUCTION A GENERAL PARTNERSHIP,945,FRONT,ST,SAN FRANCISCO,CA,94111-0000,,,VOLUNTARY BELOW GRADE STRENGHTHENING: STRENTHEN EXTG COLUMNS AND  FLOOR FRAMING FOR FUTURE THEATER BLDG ADDITION. THIS WORK AFFECTS LEVELS B3 B2  AND 1,37.777522,-122.415426
89,#201312063547,3,6-Dec-13,17-Mar-15,ISSUED,9,11-Mar-16,1,1,FOOD/BEVERAGE HNDLNG,,FOOD/BEVERAGE HNDLNG,,2,,1,1,1,,2,1182,3,705,,DIVISADERO,ST,,,OWNER,OWNER,,OWNER,,OWNER,,OWNER,CA,00000-0000,,,CHANGE OF USE. FROM LIMITED SERVICE RESTAURANT TO FULL SERVICE RESTAURANT. NO CONSTRUCTION PROPOSED. REMODEL (E) RESTAURANT UNDER SEPERATE APPL. #2013-11-18-2195,37.7761965,-122.4382893
90,#201404233950,3,23-Apr-14,17-Mar-15,ISSUED,9,1-Mar-18,175000,96000,LAUNDRY/LAUNDROMAT,1,HEALTH STUDIOS & GYM,1,2,,2,2,1,,47,3609,44,3585,,20TH,ST,,,PATRICK,REILLY,4153173731,TRIM FIT CONSTR. - O'REILLY ENGINEERING,121,SCENIC,CT,SAN BRUNO,CA,94066-0000,,,TENANT IMPROVEMENTS  NEW RESTROOMS  NEW MECHANICAL SYSTEMS  STRUCTURAL IMPROVEMENTS @ BASEMENT  NEW FINISHES THROUGHOUT. ** MAHER: COMPLIANCE WITH ORDINANCE NO# 155-13 NOT REQUIRED **,37.758325,-122.420739
91,#201407080708,3,8-Jul-14,17-Mar-15,ISSUED,9,1-Mar-18,170000,200000,1 FAMILY DWELLING,1,1 FAMILY DWELLING,1,2,Y,4,4,2,,11,69,20,1001,,CHESTNUT,ST,,,OWNER,OWNER,,OWNER,,OWNER,,OWNER,CA,00000-0000,,,TWO STORY ADDITION TO MUDROM/SOLARIUM AT SIDE OF HOUSE. RECONSTRUCT FAILED RETAINING WALL ALONE CHESTNUT ST & REALIGNED SERVICE STAIRWAY. MINOR REVISION TO REAR ROOF EAVE OF EXISTING HOUSE.,37.802708,-122.420065
92,#201407211760,3,21-Jul-14,17-Mar-15,ISSUED,9,1-Mar-18,60000,130000,2 FAMILY DWELLING,2,2 FAMILY DWELLING,2,2,,3,3,2,,15,2633,6,333,,PARNASSUS,AV,,,,,,,,,,,,,,,INTERIOR ALTERATIONS TO FLOORS 1 2 &3.  RECONFIGURE EXTG 2 UNITS  MOVE DWELLING #2 TO FIRST FLOOR. REDUCE FROM 658 TO 557 SQ FT  INCREASE DWELLING #1  FROM 883 TO 1716 SQ FT ON 2ND  AND 3RD FLOORS.,37.763966,-122.455312
93,#201502128255,3,12-Feb-15,17-Mar-15,ISSUED,9,11-Mar-16,1,1,OFFICE,0,APARTMENTS,60,2,,4,4,4,,6,3703,12,527,,STEVENSON,ST,,,OWNER,OWNER,,OWNER,,OWNER,,OWNER,CA,00000-0000,,,ALTERATION TO PA#201010143017-S TO VERIFY BMR UNITS AND CORRECT UNIT 60 COUNT. ONLY FOR CITY PLANNING ADMINISTRATOR DOCUMENTATION.,37.7811751,-122.4101984
94,#200601263118,3,26-Jan-06,18-Mar-15,ISSUED,9,2-Mar-18,800000,1320000,1 FAMILY DWELLING,1,1 FAMILY DWELLING,1,2,Y,2,3,2,,66,1334,6,157,,24TH,AV,,,OWNER,OWNER,,OWNER,,OWNER,,OWNER,CA,00000-0000,,,REMODEL AND VERTICAL ADDITION. INCLUDES GOING DOWN TO CREATE GARAGE ( SUB-BASEMENT) AND A BASEMENT. NEW TOP STORY WILL INCLUDE 500 SF MASTER SUITE,37.7864741,-122.4844083
95,#201211295161,3,29-Nov-12,18-Mar-15,ISSUED,9,2-Mar-18,80000,125000,1 FAMILY DWELLING,1,1 FAMILY DWELLING,1,2,,2,2,1,,6,2088,5,1958,,47TH,AV,,,RAYMOND,KONG,6505833821,KONG'S PLUMBING & CONSTRUCTION CO.,739,BARCELONA,DR,MILLBRAE,CA,94030,,,REAR ADDITION FOR MASTER BEDROOM  MASTER BATH  LIVING ROOM AND STUDY.,37.749963,-122.505943
96,#201312234926,3,23-Dec-13,18-Mar-15,ISSUED,9,12-Mar-16,55000,55000,PUBLIC ASSMBLY OTHER,22,FOOD/BEVERAGE HNDLNG,22,2,,4,4,4,,11,296,1,449,,POWELL,ST,0,,JOHN J HONG,,5106354113,J J CONSTRUCTION,541,KENILWORTH,AV,SAN LEANDRO,CA,94577-0000,,,2ND FLR TO LEGALIZE WORK DONE WITHOUT PERMIT. T-I IMPROVEMENT. CHANGE OF USE FROM A-3 VISITOR CENTER TO A-2 TAVERN/BAR. NO CHANGE OF OCCUPANT LOAD. NO EXTERIOR WORK. INTERIOR WORK INCLUDES NEW DOORS IN (E) PARTITIONS & INFILLING OLD OPENING. NEW COUNTERS & CASEWORK. NEW RAISED PLATFORMS WITH,37.7889758,-122.4088363
97,#201401075721,3,7-Jan-14,18-Mar-15,ISSUED,9,2-Mar-18,45000,150000,1 FAMILY DWELLING,1,1 FAMILY DWELLING,1,2,Y,2,2,1,,29,0460A,10,1650,,BAY,ST,,,OWNER,OWNER,,OWNER,,OWNER,,OWNER,CA,00000-0000,,,RECONFIGURE INTERIOR SPACE AT GR FLOOR. EXPAND GARAGE INTO LIGHT WELL AND ADD BEDROOM. NEW DECK AT GRD LEVEL. ENLARGE GARAGE DOOR REPLACE WITH NEW WOOD PANEL DOOR. 2ND FL NEW PANTRY AT KITCHEN. COMPLIANCE WITH ORDINANCE #155-13 NOT REQUIRED. EXCAVATION <50 CU.YD.,37.80319799999999,-122.434241
98,#201402289613,3,28-Feb-14,18-Mar-15,ISSUED,9,2-Mar-18,110000,230000,2 FAMILY DWELLING,2,2 FAMILY DWELLING,2,2,Y,2,4,2,,11,478,4,2809,,POLK,ST,,,,,,,,,,,,,,,3RD FLOOR MASTER BEDROOM ADDITION.,37.802677,-122.423395
99,#201402289613,3,28-Feb-14,18-Mar-15,ISSUED,9,2-Mar-18,110000,230000,2 FAMILY DWELLING,2,2 FAMILY DWELLING,2,2,Y,2,4,2,,11,478,4,2811,,POLK,ST,,,,,,,,,,,,,,,3RD FLOOR MASTER BEDROOM ADDITION.,37.8027341,-122.4231643
100,#201406198874,3,19-Jun-14,18-Mar-15,ISSUED,9,2-Mar-18,250000,250000,1 FAMILY DWELLING,1,1 FAMILY DWELLING,1,2,Y,1,1,1,,26,7056,21,726,,CAPITOL,AV,,,MANSOUR MIKE,AMINI,4083661000,CRAFTSMEN'S GUILD INC,10566,SO DE ANZA BLVD,,CUPERTINO,CA,95014-0000,,,ADD TO THE (E) KITCHEN & FAMILY ROOM (ENLARGE KITCHEN DINING & FAMILY RM & REMODEL (E) BATH RM & ADD 1/2 BATH,37.717003,-122.458746
101,#201406249274,3,24-Jun-14,18-Mar-15,ISSUED,9,12-Mar-16,34700,54700,APARTMENTS,3,APARTMENTS,4,2,,3,3,2,,14,847,20,688,,HAIGHT,ST,,,WALTER,GAITAN,4152053085,PINNACLE CONSTRUCTION & MAINTENANCE LLC ,2269,CHESTNUT,ST,SAN FRANCISCO,CA,94123-0000,,,LEGALIZATION OF UNWARRANTED 1 BEDROOM  1 BATH UNIT AT 3RD FL,37.7718696,-122.4335596
102,#201409126168,3,12-Sep-14,18-Mar-15,ISSUED,9,12-Mar-16,1500,1500,2 FAMILY DWELLING,2,1 FAMILY DWELLING,1,2,,4,4,3,,7,952,20,2850,,DIVISADERO,ST,,,OWNER,OWNER,,OWNER,,OWNER,,OWNER,CA,00000-0000,,,DWELLING UNIT MERGER. COMBINE 2 UNITS INTO 1 UNIT. REMOVE EXISTING KITCHEN. REMOVE DOORS AND PARTITION WALLS.,37.796056,-122.441726
103,#201501054900,3,5-Jan-15,18-Mar-15,ISSUED,9,12-Mar-16,97146,98000,LENDING INSTITUTION,,RETAIL SALES,,2,,22,22,22,,5,289,7,225,,BUSH,ST,0,,PETER,MCHUGH,4155500975,AYOOB & PEERY PLUMBING,975,INDIANA,ST,SAN FRANCISCO,CA,94107,,,SPRINKLERS TI FOR TARGET ON 1 AND MEZZ.- 1ST FL ADD 68 SPRINKLER AND RELOCATE 44 SPRINKLER   MEZZANINE ADD 77 SPRINKLERS REF 201409156316,37.7908343,-122.4015725
104,#201502037393,3,3-Feb-15,18-Mar-15,ISSUED,9,2-Mar-18,225000,225000,1 FAMILY DWELLING,1,1 FAMILY DWELLING,1,2,,3,3,2,,26,2772,34,551,,EUREKA,ST,,,KEVIN,WALLACE,4155501993,WALLACE REMODELING INC.,400,DAY,ST,SAN FRANCISCO,CA,94131,,,ADD BEDROOM  BATH  LAUNDRY  STORAGE AT FIRST FLOOR. REMODEL KITCHEN  DINING ROOM  POWDER ROOM. REPLACE DECK AT 2ND FLOOR. REMODEL BATH AND CLOSETS AT 3RD FLOOR.,37.75348,-122.437266
105,#201304164627,3,16-Apr-13,19-Mar-15,ISSUED,9,13-Mar-16,55000,55000,2 FAMILY DWELLING,2,2 FAMILY DWELLING,2,2,Y,4,4,3,,8,482,43,1547,,FRANCISCO,ST,0,,OWNER,OWNER,,OWNER,,OWNER,,OWNER,CA,00000-0000,,,OWNER'S NAME CORRECTIONS TO PA#201204108021  ADDITION OF PENTHOUSE ENCLOSURE OF (E) STAIR TO ROOF NOT VISIBLE FROM STREET. ADDITION OF SECONDARY EGRESS @ WEST BLDG.,37.8024758,-122.4305862
106,#201402218991,3,21-Feb-14,19-Mar-15,ISSUED,9,3-Mar-18,125000,163000,2 FAMILY DWELLING,2,2 FAMILY DWELLING,2,2,Y,2,3,1,,8,5550,63,930,,ESMERALDA,AV,0,,,,,,,,,,,,,,REAR YARD ADDITION:l 372 SF. AT G/F: 1 BEDROOM; 220 SF AT 2/F: EXPAND LIVING ROOM,37.743561,-122.409571
107,#201412194140,3,19-Dec-14,19-Mar-15,ISSUED,9,3-Mar-18,435000,933300,OFFICE,,OFFICE,,2,,22,22,22,,71,3507,40,1455,,MARKET,ST,,,MIKE,SCRIBER,4158175100,BCCI CONSTRUCTION COMPANY,185,BERRY,ST,SAN FRANCISCO,CA,94107,,,TENANT IMPROVEMENT ON A PORTION OF THE 6TH 7TH 8TH 9TH FLOORS TO INCLUDE (N) FLOOR OPENING & AUDITORIUM STAIR BETWEEN LEVELS 6 7 & 8 AND AN INTERCONNECTING STAIR BETWEEN LEVEL 8 & LEVEL 9.,37.7757102,-122.4181719
108,#201404153244,3,15-Apr-14,20-Mar-15,ISSUED,9,20-Mar-16,166625,188679,1 FAMILY DWELLING,1,1 FAMILY DWELLING,1,2,Y,1,2,1,,28,7552,2,26,,CONRAD,ST,,,BRENDAN,UNIACKE,6507941395,B. UNIACKE CONSTRUCTION,332,SOUTHCLIFF,AV,SOUTH SAN FRANCISCO,CA,94080-0000,,,REMODEL MAIN FLOOR  RELOCATE KITCHEN/BATH  ADDITION TO MAIN FLOOR  CONSTRUCT NEW SECOND STORY  CHANGE FROM 1 BEDROOM 1 BATH TO 4 BEDROOMS AND 2 BATHROOMS. MECHANICAL IS UNDER SEPARATE PERMIT.,37.73791,-122.43645
109,#201406259480,3,25-Jun-14,20-Mar-15,ISSUED,9,20-Mar-17,350000,774000,APARTMENTS,3,APARTMENTS,3,2,Y,4,4,3,,34,631,6,2225,,STEINER,ST,,,OWNER,OWNER,,OWNER,,OWNER,,OWNER,CA,00000-0000,,,PROVIDE HABITABLE SPACE AT REAR 1ST FLOOR INCLUDE BEDROOM BATHROOM AND PATIO. CONNECT TO FLOOR ABOVE WITH NEW STAIRS. REMODEL 2ND  3RD   4TH FLOORS AND ADD PATIO DOOR AND GUARDRAIL AT ALL MASTER BEDROOMS. PARTIAL LIGHTWELL FILL IN. N/A FOR THE MAHER ORDINANCE #155-13,37.789995,-122.436076
110,#201406259480,3,25-Jun-14,20-Mar-15,ISSUED,9,20-Mar-17,350000,774000,APARTMENTS,3,APARTMENTS,3,2,Y,4,4,3,,34,631,6,2229,,STEINER,ST,,,OWNER,OWNER,,OWNER,,OWNER,,OWNER,CA,00000-0000,,,PROVIDE HABITABLE SPACE AT REAR 1ST FLOOR INCLUDE BEDROOM BATHROOM AND PATIO. CONNECT TO FLOOR ABOVE WITH NEW STAIRS. REMODEL 2ND  3RD   4TH FLOORS AND ADD PATIO DOOR AND GUARDRAIL AT ALL MASTER BEDROOMS. PARTIAL LIGHTWELL FILL IN. N/A FOR THE MAHER ORDINANCE #155-13,37.7900792,-122.435783
111,#201406279761,3,27-Jun-14,20-Mar-15,ISSUED,9,20-Mar-16,235000,128000,1 FAMILY DWELLING,1,1 FAMILY DWELLING,1,2,Y,3,3,2,,4,562,001A,2755,,STEINER,ST,0,,,,,,,,,,,,,,HORIZONTAL AT REAR; 3 STORY ADDITION  120 SQ. FT. AT 3 STORIES. REVISE STAIRCASE AT REAR  INTERIOR REMODEL: KITCHEN  BATHS  MISC. REDUCED SCOPE OF WORK 02/12/15: BAY WINDOW ADDITION AT REAR WALL. NEW WINDOWS AT REAR WALL  INTERIOR REMODEL-KITCHEN AND BATHS.   ,37.7947697,-122.4369252
112,#201407141153,3,14-Jul-14,20-Mar-15,ISSUED,9,20-Mar-16,94000,140000,2 FAMILY DWELLING,2,APARTMENTS,3,2,,3,3,2,,9,2691,19,72,,CASELLI,AV,,,KEVIN,DEVLIN,4157861726,PADRAIG DEVLIN CONSTRUCTION,765,COLE,ST,SAN FRANCISCO,CA,94117-0000,,,CONVERT ILLEGAL DWELLING UNIT TO LEGAL UNIT PER ORDINANCE NO. 43-14.  COMPLY WITH N.O.V#200925662.,37.759937,-122.440978
113,#201407141153,3,14-Jul-14,20-Mar-15,ISSUED,9,20-Mar-16,94000,140000,2 FAMILY DWELLING,2,APARTMENTS,3,2,,3,3,2,,9,2691,19,74,,CASELLI,AV,,,KEVIN,DEVLIN,4157861726,PADRAIG DEVLIN CONSTRUCTION,765,COLE,ST,SAN FRANCISCO,CA,94117-0000,,,CONVERT ILLEGAL DWELLING UNIT TO LEGAL UNIT PER ORDINANCE NO. 43-14.  COMPLY WITH N.O.V#200925662.,37.7597152,-122.4409692
114,#201408042941,3,4-Aug-14,20-Mar-15,ISSUED,9,20-Mar-17,426000,426000,FOOD/BEVERAGE HNDLNG,0,FOOD/BEVERAGE HNDLNG,0,2,,3,3,3,,52,1094,1,2675,,GEARY,BL,,,DEBI,HOFFMAN,9169230333,TRI-QUEST BUILDERS & DEVELOPERS INC,4630,NORTHGATE BLVD STE#110,,SACRAMENTO,CA,95834-0000,,,TENANT IMPROVEMENT FOR RESAURANT CHIPOTLE MEXICAN GRILL. 2082 SF 39 SEATS,37.7821513,-122.4460842
115,#201408153979,3,15-Aug-14,20-Mar-15,ISSUED,9,20-Mar-16,150000,150000,TOURIST HOTEL/MOTEL,356,TOURIST HOTEL/MOTEL,356,2,,4,4,4,,10,14,1,200,,BEACH,ST,,,KEVIN,RUSSELL,4159839520,CENTRIC CONSTRUCTION INC,229,ELLIS,ST,SAN FRANCISCO,CA,94102-0000,,,"REMOVAL OF EXISTING CANOPY ON BEACH STREET  NEW CONSTRUCTION OF ""SHIP'S MAST"" ON BEACH STREET SIDEWALK  ADDITION OF (3) PORTHOLES ON 1/F  EXTERIOR METAL SCREEN SIDING AND (4) NEW AWNINGS.",37.8079903,-122.4126666
116,#201408153979,3,15-Aug-14,20-Mar-15,ISSUED,9,20-Mar-16,150000,150000,TOURIST HOTEL/MOTEL,356,TOURIST HOTEL/MOTEL,356,2,,4,4,4,,10,14,1,250,,BEACH,ST,,,KEVIN,RUSSELL,4159839520,CENTRIC CONSTRUCTION INC,229,ELLIS,ST,SAN FRANCISCO,CA,94102-0000,,,"REMOVAL OF EXISTING CANOPY ON BEACH STREET  NEW CONSTRUCTION OF ""SHIP'S MAST"" ON BEACH STREET SIDEWALK  ADDITION OF (3) PORTHOLES ON 1/F  EXTERIOR METAL SCREEN SIDING AND (4) NEW AWNINGS.",37.8077627,-122.4132217
117,#201408274883,3,27-Aug-14,20-Mar-15,ISSUED,9,20-Sep-15,6000,20000,1 FAMILY DWELLING,1,2 FAMILY DWELLING,2,2,,3,3,2,,6,5699,1,100,,PUTNAM,ST,,,OWNER,OWNER,,OWNER,,OWNER,,OWNER,CA,00000-0000,,,UNIT LEGALIZATION ORDINANCE 43-14 INSTALLATION OF NEW KITCHEN  NEW SINK  STOVE  REFRIG  STOVE HOOD  AND CABINETS AT GROUND FLOOR.,37.7380512,-122.4110834
118,#201409156295,3,15-Sep-14,20-Mar-15,ISSUED,9,20-Mar-17,200000,900000,1 FAMILY DWELLING,1,1 FAMILY DWELLING,1,2,,3,3,3,,11,985,11,3450,,WASHINGTON,ST,,,DANIEL PELSINGER &,DANIEL MATAROZZI,4152856930,MATAROZZI/PELSINGER BUILDERS INC.,355,11TH,ST,SAN FRANCISCO,CA,94103-0000,,,NEW PATIO  NEW RETAINING WALLS  NEW PAVING  NEW AUTO GATE  & PEDESTRIAN GATE  NEW PLANTINGS  NEW LANDSCAPE;  MAHER N/A,37.789843,-122.450248
119,#201409257295,3,25-Sep-14,20-Mar-15,ISSUED,9,20-Sep-15,7000,7000,1 FAMILY DWELLING,1,1 FAMILY DWELLING,1,2,Y,3,3,1,,8,6588,14,739,,27TH,ST,,,OWNER,OWNER,,OWNER,,OWNER,,OWNER,CA,00000-0000,,,REV TO PA# 2012/09/26/0678 & PA# 2014/04/04/2528. NEW ROOF DECK & STAIR FROM 3RD FLOOR TO ROOF. EXTERIOR STAIR.,37.74606,-122.436767
120,#201410310456,3,31-Oct-14,20-Mar-15,ISSUED,9,20-Sep-15,18000,18000,2 FAMILY DWELLING,2,2 FAMILY DWELLING,2,2,Y,4,4,2,,23,862,15,662,,WALLER,ST,,,BUCK O'NEILL,,4156524723,BUCK O'NEILL BUILDERS INC.,1535,GRAND AVE,,PIEDMONT,CA,94611-0000,,,REVISION TO PERMIT 201302210659; REVISE APPROVED ROOF DECK AND STAIRS.,37.7709029,-122.434636
121,#201501307101,3,30-Jan-15,20-Mar-15,ISSUED,9,20-Mar-16,155000,135000,1 FAMILY DWELLING,1,1 FAMILY DWELLING,1,2,Y,2,2,1,,15,2451,002O,2627,,45TH,AV,,,JEFF,BRESSLER,6506977661,JAB CONSTRUCTION COMPANY LTD,890,MAHLER,RD,BURLINGAME,CA,94010-0000,,,REWORK INTERIOR PARTITIONS. REPLACE WINDOWS AND DOORS AT REAR. NEW KITCHEN LOCATION  NEW STAIRS LOCATION. ADD MASTER BATH AND BED IN LOWER LEVEL. ADD 2ND STORY DECK AT REAR. FILL IN LIGHTWELL. ADD SKYLIGHT.,37.737526,-122.503577
122,#201412123679,3,12-Dec-14,23-Mar-15,ISSUED,9,23-Mar-16,67500,67500,1 FAMILY DWELLING,1,1 FAMILY DWELLING,1,2,,2,2,1,,8,48,1,801,,FRANCISCO,ST,,,JOHN,CHIAPELLONE,4156024742,ADVENTURES IN PRODUCTION,4312,REDWOOD HIGHWAY SUITE 100,AV,SAN RAFAEL,CA,94903-0000,,,ELEVATOR TUNEL FROM GARAGE TO ELEVATOR.,37.8039071,-122.4185519
123,#201412163825,3,12-Dec-14,23-Mar-15,ISSUED,9,23-Mar-16,67500,67500,1 FAMILY DWELLING,1,1 FAMILY DWELLING,1,2,,3,3,2,,8,48,17,2455,,LEAVENWORTH,ST,,,JOHN,CHIAPELLONE,4156024742,ADVENTURES IN PRODUCTION,4312,REDWOOD HIGHWAY SUITE 100,AV,SAN RAFAEL,CA,94903-0000,,,ELEVATOR TUNEL FROM GARAGE TO (E)ELEVATOR.,37.8037899,-122.418536
124,#201502188644,3,18-Feb-15,23-Mar-15,ISSUED,9,23-Mar-16,40000,40000,ANIMAL SALE OR CARE,,ANIMAL SALE OR CARE,,2,Y,1,1,0,,17,7281,6,1,,ZOO,RD,,,ROBERT,NIBBI,4158631820,NIBBI BROS ASSOC INC,1000,BRANNAN,ST,SAN FRANCISCO,CA,94103-0000,,,ADD ONE BIRD CAGE SUPPORT STRUCTURE TO BACK OF HOUSE OF THE (E) SOUTH AMERICAN TROPICAL FOREST EXHIBIT BUILDING. NEW MAT FOUNDATION  STEEL BEAM POST STRUCTURE. STANDING SEAM ROOF  DRAINS @ CAGE AREA  LIGHTS FOR KEEPER PLATFORM & STAIR. ** MAHER: COMPLIANCE WITH ORDINANCE NO# 155-13 NOT REQUIRED **,37.7329099,-122.50324
125,#201502279525,3,27-Feb-15,23-Mar-15,ISSUED,9,23-Jul-15,1,1,1 FAMILY DWELLING,1,1 FAMILY DWELLING,1,2,Y,3,3,3,,18,989,26,101,,MAPLE,ST,,,AI-REN I,LEI,4152381202,REN LEI CONSTRUCTION CO,750,LAWTON,ST,SAN FRANCISCO,CA,94122-0000,,,"SCOPE INCLUDES CONSTRUCTION OF THE GARAGE LEVEL EXPANSION THE FULL WIDTH OF THE REAR YARD SETBACK  REMODEL OF A KITCHEN AND CONSTRUCTION OF NEW DECK ABOVE KITCHEN INTO THE REAR YARD SETBACK OF 30'-6"" FROM JACKSON STREET. REVISION TO PERMIT NO.201202214556  201307303143 AND",37.7895491,-122.4559585
126,#200812108243,3,10-Dec-08,24-Mar-15,ISSUED,9,24-Mar-16,100000,210000,APARTMENTS,3,APARTMENTS,3,2,Y,3,3,,,8,862,3,135,,PIERCE,ST,0,,THOMAS HENRY,LUTGE,4156648433,QSE CONSTRUCTION,1626,ULLOA,ST,SAN FRANCISCO,CA,94116-0000,,,CONVERT (E) STORAGE AREA AT FIRST FLOOR INTO GARAGE. LOWER (E) SLAB @ 1ST FLOOR AND RETROFIT OR REPLACE (E) FOUNDATION.  NEW GARAGE DOOR & DRIVEWAY. NEW STAIRS (INTERIOR). ENCLOSE (E) OPEN SPACE AT 1ST FLOOR.,37.7711999,-122.4336624
127,#200812108243,3,10-Dec-08,24-Mar-15,ISSUED,9,24-Mar-16,100000,210000,APARTMENTS,3,APARTMENTS,3,2,Y,3,3,,,8,862,3,139,,PIERCE,ST,,,THOMAS HENRY,LUTGE,4156648433,QSE CONSTRUCTION,1626,ULLOA,ST,SAN FRANCISCO,CA,94116-0000,,,CONVERT (E) STORAGE AREA AT FIRST FLOOR INTO GARAGE. LOWER (E) SLAB @ 1ST FLOOR AND RETROFIT OR REPLACE (E) FOUNDATION.  NEW GARAGE DOOR & DRIVEWAY. NEW STAIRS (INTERIOR). ENCLOSE (E) OPEN SPACE AT 1ST FLOOR.,37.7712706,-122.4336718
128,#201306200114,3,20-Jun-13,24-Mar-15,ISSUED,9,24-Sep-17,2500000,2500000,THEATER,,THEATER,,2,,2,2,0,,81,3616,83,2550,,MISSION,ST,,,RANDALL SCOTT ROBINSON,JUSTIN WARREN,5036458531,RSR CONSTR/ROBINSON CONSTRUCTION CO,21360,NW AMBERWOOD DR,,HILLSBORO,OR,97008-0000,,,MEP WORK FOR REMODELED EXISTING THEATER. ARCHITECTURAL UNDER PA#201306200106. SPRINKLERS & FIRE ALARM UNDER SEPARATE PERMITS.,37.7562533,-122.4188707
129,#201311010927,3,1-Nov-13,24-Mar-15,ISSUED,9,24-Jul-15,1,1,FOOD/BEVERAGE HNDLNG,,FOOD/BEVERAGE HNDLNG,,0,,1,1,1,,2,7324,1,51,,CAMBON,DR,,,OWNER,OWNER,,OWNER,,OWNER,,OWNER,CA,00000-0000,,,CHANGE OF USE FROM LIMITED RESTAURANT TO RESTAURANT. REF #201004069696. FOR ADMINISTRATIVE PURPOSE ONLY  NO CONSTRUCTION WORK UNDER THIS PERMIT.,37.7179917,-122.4740581
130,#201410290162,3,29-Oct-14,24-Mar-15,ISSUED,9,24-Mar-16,45000,45000,APARTMENTS,9,APARTMENTS,9,2,,5,5,5,,8,280,18,830,,HYDE,ST,0,,RON J,KUNKEL,5107959999,SIGNAWEST SYSTEMS INC,7300,CENTRAL AVE #D,,NEWARK,CA,94560-0000,,,INSTALL NEW FIRE ALARM SYSTEM. REF. APPL. 2014.0423.3975 & 2012.0827.8280. MAHER N/A.,37.788646,-122.416605
131,#201502259306,3,25-Feb-15,24-Mar-15,ISSUED,9,24-Mar-17,500000,500000,WAREHOUSE NO FRNITUR,0,WAREHOUSE NO FRNITUR,0,2,,2,2,0,,18,5281,3,901,,RANKIN,ST,,,BRIAN,METZGAR,9256858890,RICKER THERMLINE INC,825,ARNOLD DRIVE  SUITE 110,,MARTINEZ,CA,94553-0000,,,INSULATED METAL PANEL SCOPE:(1) NEW WALK IN FREEZER WITH RAISED INSULATED FLOORS AND (2) NEW WALK IN COOLERS IN (E) WAREHOUSE SPACE. REFRIDG SCOPE: (3) NEW ROOF-TOP MOUNTED CONDENSING UNITS AND (1) NEW EVAPORATIVE FAN COOLING UNITS. ELE SCOPE:(1) NEW ELE PANEL  WIRING FOR REFRIDGE UNIT UNDERFLR HEAT,37.740941,-122.395171
132,#201307021054,3,2-Jul-13,25-Mar-15,ISSUED,9,25-Mar-16,100000,120000,RETAIL SALES,1,2 FAMILY DWELLING,2,2,,1,1,2,,6,6086,012C,201,,RUSSIA,AV,,,,,,,,,,,,,,,CHANGE OF USE FROM VACANT COMMERCIAL SPACE TO NEW RESIDENTIAL UNIT AT GROUND FLOOR.,37.72091899999999,-122.435324
133,#201307021054,3,2-Jul-13,25-Mar-15,ISSUED,9,25-Mar-16,100000,120000,RETAIL SALES,1,2 FAMILY DWELLING,2,2,,1,1,2,,6,6086,012C,203,,RUSSIA,AV,,,,,,,,,,,,,,,CHANGE OF USE FROM VACANT COMMERCIAL SPACE TO NEW RESIDENTIAL UNIT AT GROUND FLOOR.,37.7208023,-122.4355004
134,#201401287189,3,28-Jan-14,25-Mar-15,ISSUED,9,25-Mar-16,90000,90000,1 FAMILY DWELLING,1,1 FAMILY DWELLING,1,2,Y,2,2,2,,6,5531,5,2,,WRIGHT,ST,,,OWNER,OWNER,,OWNER,,OWNER,,OWNER,CA,00000-0000,,,BASEMENT ADDITION UNDER AREA OF (E) DECK WHICH WILL BE REMOVED & REPLACED. ADDITION WILL BE BEDROOM  BATH & INTERIOR STAIR TO 1ST FLOOR. REPLACE (E) FURNACE. RELOCATE LAUNDRY TO BASEMENT.,37.7475468,-122.4051921
135,#201405135660,3,13-May-14,25-Mar-15,ISSUED,9,25-Sep-15,25000,25000,RETAIL SALES,,RETAIL SALES,,2,,3,3,5,,11,313,8,1,,GRANT,AV,,,CHRISTOPHER,ABELL,4156411578,RAINBOW WATERPROOFING & RESTOR,600,TREAT,AV,SAN FRANCISCO,CA,94110-0000,,,Remove broken roof access window; replace with metal door. Remove north skylight glazing; replace with metal roof. R Tom 5-13-14,37.7869994,-122.4051465
136,#201407231920,3,23-Jul-14,25-Mar-15,ISSUED,9,25-Mar-16,15000,38000,OFFICE,,OFFICE,,2,,2,2,0,,13,8719,2,1051,,03RD,ST,,,JERROD PORTER/,HOA NGUYEN,9252730100,SIMPLEX GRINNELL LP,6952,PRESTON,AV,LIVERMORE,CA,94551-0000,,,NEW Non-required/voluntary Manual and automatic FIRE ALARM SYSTEM INCLUDES 1 CONTROL PANEL  8 SMOKE DETECTORS  2 HEAT DETECTORS  4 PULL STATIONS  6 STROBES  17 HORN STROBES  1 DOOR HOLDER  4 MONITOR MODULES  5 RELAY MODULES,37.7764716,-122.3899548
137,#201501236554,3,23-Jan-15,25-Mar-15,ISSUED,9,25-Mar-16,75000,650000,APARTMENTS,3,APARTMENTS,3,2,,3,3,3,,26,1152,12,1840,,GOLDEN GATE,AV,,,,,,,,,,,,,,,COMPLY WITH NOV #201413841. REMODEL 3(E) APARTMENTS. REMODEL 3 KITCHENS 6 BATHROOMS  ADD 2 (N) BATHROOMS. (N) PLUMBING  ELEC. (N) HVAC SYSTEM & DUCTS. UPGRADE BLDG STRUCTURE FROM TYPE 5 B TO 5 A  (NEW FIRE SPRINKLER SYSTEM under seperate permit),37.778698,-122.441003
138,#201501236554,3,23-Jan-15,25-Mar-15,ISSUED,9,25-Mar-16,75000,650000,APARTMENTS,3,APARTMENTS,3,2,,3,3,3,,26,1152,12,1844,,GOLDEN GATE,AV,,,,,,,,,,,,,,,COMPLY WITH NOV #201413841. REMODEL 3(E) APARTMENTS. REMODEL 3 KITCHENS 6 BATHROOMS  ADD 2 (N) BATHROOMS. (N) PLUMBING  ELEC. (N) HVAC SYSTEM & DUCTS. UPGRADE BLDG STRUCTURE FROM TYPE 5 B TO 5 A  (NEW FIRE SPRINKLER SYSTEM under seperate permit),37.778437,-122.4409872
139,#201502198706,3,19-Feb-15,25-Mar-15,ISSUED,9,25-Mar-16,"82,855.42",90000,1 FAMILY DWELLING,1,1 FAMILY DWELLING,1,2,Y,2,2,1,,20,2409,8,2443,,16TH,AV,,,VINCE,RINALDI,4153864901,RINALDI CONSTRUCTION,223,14TH,AV,SAN FRANCISCO,CA,94118-0000,,,1) FIRST FLOOR: REMOVE UNPERMITTED OFFICE ROOM  CONVERT 736 SQ FT TO OFFICE BATHROOM  LAUNDRY ROOM  HALL AND STAIR  NEW REAR DECK LESS THAN 3' ABOVE GRADE WITH STEPS DOWN. 2) SECOND  FL: REPLACE EXTG SERVICE STAIR WITH NEW CODE COMPLYING OPEN STAIR TO GROUND FLOOR. 50 SQ FT LIGHTWELL IN FILL.,37.742333,-122.472752
140,#201311010871,3,1-Nov-13,26-Mar-15,ISSUED,9,26-Jul-15,500,500,APARTMENTS,9,APARTMENTS,9,0,,3,3,3,,0,181,22,1410,,TAYLOR,ST,,,CHAD,MATHISEN,7074709054,SLC INC,871,COTTING,CT,VACAVILLE,CA,95688-0000,,,TO COMPLY WITH PNOE 12249. REMOVAL OF TOWERSTREAM WIFI ANTENNA SITE. REMOVE 4 ANTENNAS & KEEP 1 OTARD ANTENNA.,37.7954141,-122.4130329
141,#201311010872,3,1-Nov-13,26-Mar-15,ISSUED,9,26-Jul-15,500,500,APARTMENTS,6,APARTMENTS,6,0,,3,3,3,,0,3587,50,3659,,18TH,ST,,,BRET,MCCOMB,5308236546,PRECISION DESIGN & DRAFTING INC,11768,ATWOOD RD #20,,AUBURN,CA,95603-0000,,,REMOVAL OF TOWERSTREAM WIFI ANTENNA SITE. REMOVE 3 ANTENNAS & KEEP 1 OTARD ANTENNA. TO COMPLY WITH bnov# 201385312 & PNOE 12097.,37.761237,-122.425225
142,#201311010872,3,1-Nov-13,26-Mar-15,ISSUED,9,26-Jul-15,500,500,APARTMENTS,6,APARTMENTS,6,0,,3,3,3,,0,3587,50,3663,,18TH,ST,,,BRET,MCCOMB,5308236546,PRECISION DESIGN & DRAFTING INC,11768,ATWOOD RD #20,,AUBURN,CA,95603-0000,,,REMOVAL OF TOWERSTREAM WIFI ANTENNA SITE. REMOVE 3 ANTENNAS & KEEP 1 OTARD ANTENNA. TO COMPLY WITH bnov# 201385312 & PNOE 12097.,37.7614604,-122.4253208
143,#201311010873,3,1-Nov-13,26-Mar-15,ISSUED,9,26-Jul-15,500,500,APARTMENTS,15,APARTMENTS,15,0,,3,3,4,,0,129,29,755,,GREEN,ST,,,CHAD,MATHISEN,7074709054,SLC INC,871,COTTING,CT,VACAVILLE,CA,95688-0000,,,REMOVAL OF TOWERSTREAM WIFI ANTENNA SITE. REMOVE 2 ANTENNAS & KEEP 1 OTARD ANTENNA. TO COMPLY WITH PNOE 12287.,37.798907,-122.411526
144,#201311010874,3,1-Nov-13,26-Mar-15,ISSUED,9,26-Jul-15,500,500,APARTMENTS,6,APARTMENTS,6,0,,3,3,3,,0,640,17,2011,,SACRAMENTO,ST,,,BRET,MCCOMB,5308236546,PRECISION DESIGN & DRAFTING INC,11768,ATWOOD RD #20,,AUBURN,CA,95603-0000,,,TO COMPLY WITH BNOV# 201388231 & PNOE 12334. REMOVAL OF TOWERSTREAM WIFI ANTENNA SITE. REMOVE 2 ANTENNAS & KEEP 1 OTARD ANTENNA.,37.790534,-122.426249
145,#201311010875,3,1-Nov-13,26-Mar-15,ISSUED,9,26-Jul-15,500,500,APARTMENTS,12,APARTMENTS,12,0,,3,3,3,,0,1031,28,3149,,CALIFORNIA,ST,,,BRET,MCCOMB,5308236546,PRECISION DESIGN & DRAFTING INC,11768,ATWOOD RD #20,,AUBURN,CA,95603-0000,,,TO COMPLY WITH bnov# 201386572 & PNOE 12266. REMOVAL OF TOWERSTREAM WIFI ANTENNA SITE. REMOVE 2 ANTENNAS & KEEP 1 OTARD ANTENNA.,37.7870606,-122.4459992
146,#201311010877,3,1-Nov-13,26-Mar-15,ISSUED,9,26-Jul-15,500,500,APARTMENTS,6,APARTMENTS,6,0,,3,3,3,,0,3566,8,372,,DOLORES,ST,,,CHAD,MATHISEN,7074709054,SLC INC,871,COTTING,CT,VACAVILLE,CA,95688-0000,,,TO COMPLY WITH PNOE 12213. REMOVAL OF TOWERSTREAM WIFI ANTENNA SITE. REMOVE 2 ANTENNAS & KEEP 1 OTARD ANTENNA.,37.763438,-122.426657
147,#201311010878,3,1-Nov-13,26-Mar-15,ISSUED,9,26-Jul-15,500,500,APARTMENTS,25,APARTMENTS,25,0,,4,4,4,,0,189,18,1456,,JONES,ST,,,CHAD,MATHISEN,7074709054,SLC INC,871,COTTING,CT,VACAVILLE,CA,95688-0000,,,TO COMPLY WITH PNOE 12238. REMOVAL OF TOWERSTREAM WIFI ANTENNA SITE. REMOVE 3 ANTENNAS & KEEP 1 OTARD ANTENNA.,37.794903,-122.414449
148,#201311010881,3,1-Nov-13,26-Mar-15,ISSUED,9,26-Jul-15,500,500,APARTMENTS,12,APARTMENTS,12,0,,3,3,4,,0,3585,7,650,,CHURCH,ST,,,CHAD,MATHISEN,7074709054,SLC INC,871,COTTING,CT,VACAVILLE,CA,95688-0000,,,REMOVAL OF TOWERSTREAM WIFI ANTENNA SITE. REMOVE 4 ANTENNAS & KEEP 1 OTARD ANTENNA. TO COMPLY WITH PNOE 12226.,37.760346,-122.428582
149,#201311010882,3,1-Nov-13,26-Mar-15,ISSUED,9,26-Jul-15,500,500,APARTMENTS,7,APARTMENTS,7,0,,3,3,3,,0,1185,25,1699,,FULTON,ST,,,BRET,MCCOMB,5308236546,PRECISION DESIGN & DRAFTING INC,11768,ATWOOD RD #20,,AUBURN,CA,95603-0000,,,TO COMPLY WITH BNOV# 201388581 & PNOE 12267. REMOVAL OF TOWERSTREAM WIFI ANTENNA SITE. REMOVE 3 ANTENNAS & KEEP 1 OTARD ANTENNA.,37.7760088,-122.4447601
150,#201311010883,3,1-Nov-13,26-Mar-15,ISSUED,9,26-Jul-15,500,500,APARTMENTS,15,APARTMENTS,15,0,,3,3,3,,0,928,1,2101,,BAY,ST,,,BRET,MCCOMB,5308236546,PRECISION DESIGN & DRAFTING INC,11768,ATWOOD RD #20,,AUBURN,CA,95603-0000,,,TO COMPLY WITH BNOV# 201241101 & PNOE 12357. REMOVAL OF TOWERSTREAM WIFI ANTENNA SITE. REMOVE 4 ANTENNAS & KEEP 1 OTARD ANTENNA.,37.8018494,-122.4418202
151,#201311010884,3,1-Nov-13,26-Mar-15,ISSUED,9,26-Jul-15,500,500,APARTMENTS,14,APARTMENTS,14,0,,3,3,3,,0,3565,77,3475,,16TH,ST,,,CHAD,MATHISEN,7074709054,SLC INC,871,COTTING,CT,VACAVILLE,CA,95688-0000,,,TO COMPLY WITH PNOE 12255. REMOVAL OF TOWERSTREAM WIFI ANTENNA SITE. REMOVE 4 ANTENNAS & KEEP 1 OTARD ANTENNA.,37.7642474,-122.4302237
152,#201311121611,3,12-Nov-13,26-Mar-15,ISSUED,9,26-Jul-15,500,500,APARTMENTS,13,APARTMENTS,13,0,,4,4,3,,0,844,24,899,,OAK,ST,,,BRET,MCCOMB,5308236546,PRECISION DESIGN & DRAFTING INC,11768,ATWOOD RD #20,,AUBURN,CA,95603-0000,,,REMOVAL OF TOWERSTREAM WIFI ANTENNA SITE: 4 ANTENNAS & KEEP ONE OTARD ANTENNA. TO COMPLY WITH PNOE# 12242 & BNOV# 201386576.,37.7734603,-122.4337607
153,#201311121614,3,12-Nov-13,26-Mar-15,ISSUED,9,26-Jul-15,500,500,1 FAMILY DWELLING,1,1 FAMILY DWELLING,1,0,,2,2,2,,0,3977,1,2001,,17TH,ST,,,CHAD,MATHISEN,7074709054,SLC INC,871,COTTING,CT,VACAVILLE,CA,95688-0000,,,TO COMPLY WITH PNOE# 12216. REMOVAL OF TOWERSTREAM WIFI ANTENNA SITE: 4 ANTENNAS & KEEP ONE OTARD ANTENNA.,37.7645959,-122.4037316
154,#201311121615,3,12-Nov-13,26-Mar-15,ISSUED,9,26-Jul-15,500,500,APARTMENTS,12,APARTMENTS,12,0,,3,3,3,,0,4085,20,2844,,21ST,ST,,,CHAD,MATHISEN,7074709054,SLC INC,871,COTTING,CT,VACAVILLE,CA,95688-0000,,,REMOVAL OF TOWERSTREAM WIFI ANTENNA SITE: 3 ANTENNAS & KEEP ONE OTARD ANTENNA. TO COMPLY WITH PNOE# 12257.,37.757725,-122.411256
155,#201311121617,3,12-Nov-13,26-Mar-15,ISSUED,9,26-Jul-15,500,500,APARTMENTS,16,APARTMENTS,16,0,,3,3,3,,0,2847,56,160,,PORTOLA,DR,,,CHAD,MATHISEN,7074709054,SLC INC,871,COTTING,CT,VACAVILLE,CA,95688-0000,,,REMOVAL OF TOWERSTREAM WIFI ANTENNA SITE: 2 ANTENNAS & KEEP ONE OTARD ANTENNA. TO COMPLY WITH PNOE# 12245.,37.748297,-122.444498
156,#201311121618,3,12-Nov-13,26-Mar-15,ISSUED,9,26-Jul-15,500,500,APARTMENTS,18,APARTMENTS,18,0,,3,3,3,,0,2623,10,2450,,MARKET,ST,,,CHAD,MATHISEN,7074709054,SLC INC,871,COTTING,CT,VACAVILLE,CA,95688-0000,,,TO COMPLY W/ PNOE 12239. REMOVAL OF TOWERSTREAM WIFI ANTENNA SITE: 2 ANTENNAS & ONE OTARD ANTENNA.,37.762715,-122.43601
157,#201311121620,3,12-Nov-13,26-Mar-15,ISSUED,9,26-Jul-15,500,500,APARTMENTS,31,APARTMENTS,31,0,,4,4,4,,0,549,1,2165,,LARKIN,ST,,,CHAD,MATHISEN,7074709054,SLC INC,871,COTTING,CT,VACAVILLE,CA,95688-0000,,,REMOVAL OF TOWERSTREAM WIFI ANTENNA SITE: 4 ANTENNAS & KEEP ONE OTARD ANTENNA. TO COMPLY W/ PNOE 12301,37.7977397,-122.4206906
158,#201311121621,3,12-Nov-13,26-Mar-15,ISSUED,9,26-Jul-15,500,500,2 FAMILY DWELLING,2,2 FAMILY DWELLING,2,0,,3,3,2,,0,6576,20,1451,,GUERRERO,ST,,,CHAD,MATHISEN,7074709054,SLC INC,871,COTTING,CT,VACAVILLE,CA,95688-0000,,,REMOVAL OF TOWERSTREAM WIFI ANTENNA SITE: 4 ANTENNAS & KEEP ONE OTARD ANTENNA. TO COMPLY W/ PNOE 12179,37.7477903,-122.4222116
159,#201311121622,3,12-Nov-13,26-Mar-15,ISSUED,9,26-Jul-15,500,500,APARTMENTS,6,APARTMENTS,6,0,,3,3,3,,0,6595,001A,556,,SAN JOSE,AV,,,CHAD,MATHISEN,7074709054,SLC INC,871,COTTING,CT,VACAVILLE,CA,95688-0000,,,REMOVAL OF TOWERSTREAM WIFI ANTENNA SITE: 2 ANTENNAS & KEEP ONE OTARD ANTENNA. TO COMPLY W/ PNOE 12248,37.74702200000001,-122.421695
160,#201311121625,3,12-Nov-13,26-Mar-15,ISSUED,9,26-Jul-15,500,500,APARTMENTS,21,APARTMENTS,21,0,,6,6,5,,0,618,003A,1830,,CLAY,ST,,,BRET,MCCOMB,5308236546,PRECISION DESIGN & DRAFTING INC,11768,ATWOOD RD #20,,AUBURN,CA,95603-0000,,,TO COMPLY W/ PNOE 12270 & BNOV 201386575. REMOVAL OF TOWERSTREAM WIFI ANTENNA SITE: 4 ANTENNAS & KEEP ONE OTARD ANTENNA.,37.792354,-122.423436
161,#201404284324,3,28-Apr-14,26-Mar-15,ISSUED,9,26-Jul-15,1,1,FOOD/BEVERAGE HNDLNG,1,FOOD/BEVERAGE HNDLNG,1,2,,2,2,2,,5,3581,87,498,,SANCHEZ,ST,,,,,,,,,,,,,,,CHANGE OF USE ONLY - LIMITED USE RESTAURANT TO A FULL SERVICE RESTAURANT.  NO CONSTRUCTION TO BE PERFORMED.,37.761171,-122.430546
162,#201405196168,3,19-May-14,26-Mar-15,ISSUED,9,26-Mar-16,50000,50000,OFFICE,,OFFICE,,2,,8,8,8,,11,595,5,2000,,VAN NESS,AV,,,GINA,KIM,6505885678,GRAND ELECTRIC & CONSTRUCTION CO.,133,TANFORAN,AV,SAN BRUNO,CA,94066-0000,,,ELECTRICAL SERVICE UPGRADE-NEW TRANSFORMER VAULT IN AERIAL BSMT ON PUBLIC RIGHT OF WAY SIDEWALK. 1200 AMP 3 PHASE SERVICE. VAULT ENCLOSURE - 3 MASONRY WALLS WITH FIRE RATED DOOR. ABOVE GROUND INCIDENTAL HATCH DOORS PER PG&E SPECIFICATIONS.,37.794173,-122.422662
163,#201405206268,3,20-May-14,26-Mar-15,ISSUED,9,26-Mar-16,100000,100000,RETAIL SALES,104,RETAIL SALES,104,2,,7,7,7,,10,326,2,151,,POWELL,ST,,,SCOTT,BRAUNINGER,4155195180,BUILD GROUP INC.,457,MINNA,ST,SAN FRANCISCO,CA,94103-0000,,,STOREFRONT FACADE ALTERATION AT VACANT RETAIL SPACE. TENANT IMPROVEMENT WITH D.A. CHECKLIST UNDER SEPARATE PERMIT. *** MAHER: COMPLIANCE WITH ORDINANCE NO# 155-03 NOT REQUIRED ***,37.786162,-122.408326
164,#201405206268,3,20-May-14,26-Mar-15,ISSUED,9,26-Mar-16,100000,100000,RETAIL SALES,104,RETAIL SALES,104,2,,7,7,7,,10,326,2,161,,POWELL,ST,,,SCOTT,BRAUNINGER,4155195180,BUILD GROUP INC.,457,MINNA,ST,SAN FRANCISCO,CA,94103-0000,,,STOREFRONT FACADE ALTERATION AT VACANT RETAIL SPACE. TENANT IMPROVEMENT WITH D.A. CHECKLIST UNDER SEPARATE PERMIT. *** MAHER: COMPLIANCE WITH ORDINANCE NO# 155-03 NOT REQUIRED ***,37.78621070000001,-122.408212
165,#201407252175,3,25-Jul-14,26-Mar-15,ISSUED,9,26-Sep-15,10000,12700,1 FAMILY DWELLING,1,2 FAMILY DWELLING,2,2,Y,2,2,1,,4,5949,8,54,,NAPLES,ST,,,DAVID,KOHLMYER,4155165036,KOHLMYER,2691,16TH,AV,SAN FRANCISCO,CA,94116-0000,,,UNIT LEGALIZATION PER ORDINANCE 43-14. COMPLY WITH NOV 201467981. REBUILD IN KIND REAR DECK WITH PRESSURE-TREATED LUMBER. INSTALL CARBON MONOXIDE AND SMOKE DETECTOR ALRAM IN SLEEPING ROOM AND HALLWAY AT 1ST AND 2ND FL. INSTALL NEW KITCHEN AT 1ST FLOOR PER PLAN.,37.727942,-122.426186
166,#201412053186,3,5-Dec-14,26-Mar-15,ISSUED,9,26-Sep-17,1500000,2295000,OFFICE,0,OFFICE,0,2,,9,9,8,,33,3703,59,1095,,MARKET,ST,,,SCOTT,BRAUNINGER,4155195180,BUILD GROUP INC.,457,MINNA,ST,SAN FRANCISCO,CA,94103-0000,,,SEISMIC RENOVATION TO 1095 MARKET STREET FOUNDATION  BASEMENT & FULL STRUCTURE.N/A FOR MAHER ORDINANCE.,37.780329,-122.412014
167,#201501135640,3,13-Jan-15,26-Mar-15,ISSUED,9,26-Mar-16,30000,35000,APARTMENTS,8,APARTMENTS,8,2,,3,3,2,,4,7098,001E,5604,,MISSION,ST,,,OWNER,OWNER,,OWNER,,OWNER,,OWNER,CA,00000-0000,,,SOFT STORY RETROFIT PER SFBC CHAPTER 34B.,37.711642,-122.446488
168,#201503110490,3,11-Mar-15,26-Mar-15,ISSUED,9,26-Mar-16,264710,264710,OFFICE,0,OFFICE,0,2,,22,22,22,,5,3507,40,1455,,MARKET,ST,,,JOSEPH,TARANTINO,4155291520,GOLDEN GATE FIRE PROTECTION INC,133,KISSLING,ST,SAN FRANCISCO,CA,94103-0000,,,8TH FLOOR PHASE 2C - RELOCATE 99 PENDENT SPRINKLERS  RELOCATE 415 UPRIGHT SPRINKLERS  UPGRADE ALL EARTHQUAKE BRACING & LINE BRACING.  REF T.I. #2014.1210.3447. N/A MAHER ORDINANCE,37.7757102,-122.4181719
169,#201311202447,3,20-Nov-13,27-Mar-15,ISSUED,9,27-Mar-16,150000,223746,1 FAMILY DWELLING,1,1 FAMILY DWELLING,1,2,Y,2,2,1,,6,2068,5,1827,,31ST,AV,,,,,,,,,,,,,,,TWO STORY HORIZONTAL ADDITION AT REAR & INTERIOR REMODEL.,37.753104,-122.489613
170,#201401226788,3,22-Jan-14,27-Mar-15,ISSUED,9,27-Mar-17,150000,372982,2 FAMILY DWELLING,2,2 FAMILY DWELLING,2,2,Y,2,3,1,,16,926,4,3337,,BRODERICK,ST,,,OWNER,OWNER,,OWNER,,OWNER,,OWNER,CA,00000-0000,,,VERTICAL ADDITION OF NEW 3RD STORY & ROOF DECK ON 4TH LEVEL. NEW STAIR  BATH REMODEL & STRUCTURAL CONNECTIONS & SHEAR WALLS ON 2ND STORY. BASEMENT LEVEL CONCRETE & MOMENT FRAMES & SHEARWALLS COMPLETED UNDER PREVIOUS PERMIT. ** MAHER: COMPLIANCE WITH ORDINANCE NO# 155-13 NOT REQUIRED. **,37.8011361,-122.4450078
171,#201403140810,3,14-Mar-14,27-Mar-15,ISSUED,9,27-Mar-17,350000,350000,1 FAMILY DWELLING,1,1 FAMILY DWELLING,1,2,Y,3,3,2,,11,3564,32,45,,PROSPER,ST,,,OWNER,OWNER,,OWNER,,OWNER,,OWNER,CA,00000-0000,,,HORIZONTAL & VERTICAL ADDITION. 920 SF ADDITION. FAMILY ROOM EXPANSION AT 1ST FLOOR. REMODEL KITCHEN & BATH AT 2ND FLOOR. NEW BEDROOM & 2 BATHS AT 3RD FLOOR.,37.7635821,-122.4313891
172,#201405206193,3,20-May-14,27-Mar-15,ISSUED,9,27-Mar-16,62000,62000,1 FAMILY DWELLING,1,1 FAMILY DWELLING,1,2,Y,2,2,0,,5,4264,53,1340,,UTAH,ST,0,,,,,,,,,,,,,,WORK ON FRONT BLDG. CONVERT STORAGE AREA @ 1ST FL TO BEDROOM & BATH. ENCLOSE LIGHTWELL & CONSTRUCT STAIRWAY TO (N) ROOMS @ 1ST FL.,37.75251,-122.405588
173,#201406138354,3,13-Jun-14,27-Mar-15,ISSUED,9,27-Mar-17,500000,700000,1 FAMILY DWELLING,1,1 FAMILY DWELLING,1,2,Y,1,3,1,,16,5715,7,225,,HOLLY PARK,CR,,,OWNER,OWNER,,OWNER,,OWNER,,OWNER,CA,00000-0000,,,VERTICAL & HORIZONTAL ADDITION & REMODEL OF AN EXISTING 1-STORY OVER BASEMENT  2 BEDROOM/1 BATH HOUSE OF 1642 SQ FT USABLE AREA. A 2203 SQ FT ADDITION WILL CREATE A SINGLE FAMILY HOME WITH A TOTAL OF 3672 SQ FT USABLE AREA & A 3-CAR GARAGE. THE HOUSE WILL HAVE 4 BEDROOM/ 4.5 BATH.,37.737473,-122.418494
174,#201406208927,3,20-Jun-14,27-Mar-15,ISSUED,9,27-Mar-16,65000,"70,866.99",1 FAMILY DWELLING,1,2 FAMILY DWELLING,2,2,Y,3,3,2,,11,6597,39,47,,DUNCAN,ST,,,OWNER,OWNER,,OWNER,,OWNER,,OWNER,CA,00000-0000,,,NEW GROUND FLOOR DWELLING UNIT ( 1 BEDROOM  1 BATH) & HORIZONTAL ADDITION IN REAR YARD. INTERIOR RENOVATIONS at G/F only. REPLACE (E) WINDOWS.,37.746232,-122.4211584
175,#201412103510,3,10-Dec-14,27-Mar-15,ISSUED,9,27-Sep-17,3000000,3000000,SCHOOL,,SCHOOL,,2,,2,2,0,,73,1054,35,1520,,LYON,ST,,,W JEFF,MOROSO,4157771121,MOROSO CONSTRUCTION INC,582,06TH,ST,SAN FRANCISCO,CA,94103-0000,,,REMODEL (E) PRE-SCHOOL - INTERIOR WORK INCLUDE BOTH NON-STRUCTURAL AS WELL AS STRUCTURAL WORK. MECHANICAL  ELECTRICAL  PLUMBING  SPRINKLER & LIFE SAFETY WORK WILL BE COVERED BY SEPARATE PERMIT. NEW WINDOWS & A FLAT SKYLIGHT WILL BE ADDED TO THE ENVELOPE.,37.785207,-122.444548
176,#200908275713,3,27-Aug-09,30-Mar-15,ISSUED,9,30-Jul-15,3000,3000,1 FAMILY DWELLING,1,1 FAMILY DWELLING,1,2,,3,3,,,2,6605,20,799,,DUNCAN,ST,,,DAN,FIX,4154531604,DAN FIX LANDSCAPE COSTRUCTION CO.,134,GARY,PL,SAN RAFAEL,CA,94901,,,Construction of (fence) 12ft. tall @ property line @ rear backyard.,37.7453925,-122.4377429
177,#201311182215,3,18-Nov-13,30-Mar-15,ISSUED,9,30-Jul-15,1,1,OFFICE,0,OFFICE,0,2,,5,5,5,,7,3750,8,642,,HARRISON,ST,,,OWNER,OWNER,,OWNER,,OWNER,,OWNER,CA,00000-0000,,,THIS PERMIT SUBMITTED FOR RECORD PURPOSES ONLY. NO WORK DONE. CHANGE OF USE TO OFFICE PER PLAN A2.1E. SPACE ON THE GROUND FLOOR PREVIOUSLY USED AS OFFICE  WAS USED AS PARKING FOR 6-7 YEARS UNTIL 2011. SPACE IS USED FOR OFFICE NOW.,37.783826,-122.396438
178,#201401136102,3,13-Jan-14,30-Mar-15,ISSUED,9,30-Mar-16,187489,254000,1 FAMILY DWELLING,1,1 FAMILY DWELLING,1,2,Y,1,2,1,,13,4097,16,734,,WISCONSIN,ST,,,OWNER,OWNER,,OWNER,,OWNER,,OWNER,CA,00000-0000,,,"CONVERT PORTION OF GARAGE TO LAUNDRY ROOM. EXPAND MAIN LEVEL 3 FT TO REAR  RENOVATE KITCHEN + LIVING SPACE. NEW 2ND FLR ADDITION AND ROOFDECK. NEW GROUND LEVEL DECK NO MORE THAN 30"" ABOVE GRADE.",37.758089,-122.399328
179,#201401247006,3,24-Jan-14,30-Mar-15,ISSUED,9,30-Mar-16,40000,60000,1 FAMILY DWELLING,1,1 FAMILY DWELLING,1,2,Y,2,2,1,,16,5723,25,631,,MOULTRIE,ST,,,,,,,,,,,,,,,"BASEMENT EXPANSION INCLUDING ADDITION OF MEDIA ROOM  ART ROOM AND STORAGE NEW DECK BELOW 30"" ABOVE GRADE AT REAR OF HOUSE",37.73674159999999,-122.415805
180,#201407211683,3,21-Jul-14,30-Mar-15,ISSUED,9,30-Mar-16,98000,98000,2 FAMILY DWELLING,2,2 FAMILY DWELLING,2,2,Y,3,3,3,,9,3545,134,232,,GUERRERO,ST,,,OWNER,OWNER,,OWNER,,OWNER,,OWNER,CA,00000-0000,,,ADDITION TO REAR OF BLDG ON 3RD FLOOR INCLUDING 1 BATH  1 BEDROOM  1 PERSONAL OFFICE AND EXERCISE ROOM,37.767409,-122.424726
181,#201407242046,3,24-Jul-14,30-Mar-15,ISSUED,9,30-Sep-15,15000,15000,ANTENNA,0,ANTENNA,0,2,,2,2,1,,11,4828,1,2110,,INGALLS,ST,,,JUSTIN BALOUGH,,9258495324,ELECTRIC TECH CONSTRUCTION INC,1910,MARK,CT,CONCORD,CA,94520-0000,,,"A MODIFICATION TO AN (E) UNMANNED AT&T MOBILITY WIRELESS FACILITY CONSISTING OF INSTALLING THREE NEW RRUS-12 UNITS WITH THREE NEW A-2 MODULES & REMOVE ONE (E) DUL & REPLACE WITH ONE NEW DUS41 UNIT INSIDE (E)  PRUCELL CABINET. ALSO RELOCATING SECTOR A ANTENNAS VERTICALLY 7'-6"" & REPLACEMENT PIPES.",37.72593,-122.3868824
182,#201407242046,3,24-Jul-14,30-Mar-15,ISSUED,9,30-Sep-15,15000,15000,ANTENNA,0,ANTENNA,0,2,,2,2,1,,11,4828,1,2170,,INGALLS,ST,,,JUSTIN BALOUGH,,9258495324,ELECTRIC TECH CONSTRUCTION INC,1910,MARK,CT,CONCORD,CA,94520-0000,,,"A MODIFICATION TO AN (E) UNMANNED AT&T MOBILITY WIRELESS FACILITY CONSISTING OF INSTALLING THREE NEW RRUS-12 UNITS WITH THREE NEW A-2 MODULES & REMOVE ONE (E) DUL & REPLACE WITH ONE NEW DUS41 UNIT INSIDE (E)  PRUCELL CABINET. ALSO RELOCATING SECTOR A ANTENNAS VERTICALLY 7'-6"" & REPLACEMENT PIPES.",37.7255472,-122.38722
183,#201410158955,3,15-Oct-14,30-Mar-15,ISSUED,9,30-Sep-15,25000,25000,1 FAMILY DWELLING,1,1 FAMILY DWELLING,1,2,Y,3,3,2,,3,1547,13,561,,04TH,AV,,,DAVID,DWARES,6503036515,DAMAR CONSTRUCTION AND REMODELING INC,,PO BOX 882523,,SAN FRANCISCO,CA,94188-0000,,,NEW REAR DECK AT SECOND LEVEL WITH NEW STAIRS TO REAR YARD.,37.778213,-122.4621681
184,#201412032934,3,3-Dec-14,30-Mar-15,ISSUED,9,30-Mar-16,100000,120000,1 FAMILY DWELLING,1,1 FAMILY DWELLING,1,2,Y,3,3,1,,5,476,004A,1066,,FRANCISCO,ST,,,OWNER,OWNER,,OWNER,,OWNER,,OWNER,CA,00000-0000,,,ENCLOSE / REBUILD (E) STAIR TO 3RD FLOOR. NEW ROOF DECK @ (E) REAR ROOF. RECONFIGURE (E) BATH & CLOSET @ 3RD FLOOR.,37.8036869,-122.4227424
185,#201412294626,3,29-Dec-14,30-Mar-15,ISSUED,9,30-Mar-16,100000,250000,VACANT LOT,0,VACANT LOT,0,2,,,,0,,8,269,28,350,,BUSH,ST,,,PAUL GREGORY,COSKO,4159862718,HATHAWAY DINWIDDIE CONSTRUCTION CO.,275,BATTERY,ST,SAN FRANCISCO,CA,94111,,,TEMPORARY LATERAL SUPPORT OF THE (E) FRONT FACADE & EAST & WEST WALLS FOR REMOVAL OF (E) ROOF & FLOORS. TEMPORARY GRAVITY SUPPORT OF EAST WALLS BETWEEN GRID F-1. ** MAHER: COMLIANCE WITH ORDINANCE NO# 155-13 NOT REQUIRED **,37.7909652,-122.4034376
186,#201108313624,3,31-Aug-11,31-Mar-15,ISSUED,9,31-Mar-17,350000,418662,1 FAMILY DWELLING,1,2 FAMILY DWELLING,2,2,Y,2,3,2,,21,807,23,537,,GROVE,ST,,,GAVIN MACKEN,,4155053178,MACKEN CONSTRUCTION,198,EL VERANO,WY,SAN FRANCISCO,CA,94127-0000,,,REPAIR FIRE DAMAGE  ADD PARTIAL FLOOR (VERTICAL ADDITION),37.77726200000001,-122.42545
187,#201305207314,3,20-May-13,31-Mar-15,ISSUED,9,30-Sep-15,8000,60000,CLINICS-MEDIC/DENTAL,0,1 FAMILY DWELLING,1,2,,3,3,3,,9,1442,026A,384,,11TH,AV,,,VINCE,RINALDI,4153864901,RINALDI CONSTRUCTION,223,14TH,AV,SAN FRANCISCO,CA,94118-0000,,,CHANGE OF USE FROM DENTAL OFFICE TO SINGLE FAMILY RESIDENTIAL. AT 2ND FLOOR - DEMOLISH NON-STRUCTURAL PARTITION AT (E) STERILIZATION ROOM & REMOVE INTERIOR GLAZING & PARTITION BELOW GLAZING AT (E) WAITING ROOM. ADD KITCHEN AND ONE BATH. PROVIDE STAIR ENCLOSURE. ,37.7811886,-122.4694935
188,#201406047456,3,4-Jun-14,31-Mar-15,ISSUED,9,31-Mar-16,67000,100000,FOOD/BEVERAGE HNDLNG,26,FOOD/BEVERAGE HNDLNG,26,2,,3,3,3,,8,816,9,330,,GOUGH,ST,,,TED,PRIOLA,9259449869,PRIOLA CONSTRUCTION  INC.,67, SANDY,LN,WALNUT CREEK,CA,94596,,,REMOVE (E) WALLS IN (E) RESTAURANT. WILL BECOME A-2 OCCUPANCY. NO WORK TO FRONT OF BLDG. (N) MENS & WOMENS RESTOOM  2ND EXIT. NO CHANGE OF USE. 2 LAYERS OF 5/8 DRYWALL AS REQ'D. SOFT STORY & ADA ON SEPARATE PERMIT. MAHER NOT REQUIRED 155-13,37.7764362,-122.4228771
189,#201406047456,3,4-Jun-14,31-Mar-15,ISSUED,9,31-Mar-16,67000,100000,FOOD/BEVERAGE HNDLNG,26,FOOD/BEVERAGE HNDLNG,26,2,,3,3,3,,8,816,9,332,,GOUGH,ST,,,TED,PRIOLA,9259449869,PRIOLA CONSTRUCTION  INC.,67, SANDY,LN,WALNUT CREEK,CA,94596,,,REMOVE (E) WALLS IN (E) RESTAURANT. WILL BECOME A-2 OCCUPANCY. NO WORK TO FRONT OF BLDG. (N) MENS & WOMENS RESTOOM  2ND EXIT. NO CHANGE OF USE. 2 LAYERS OF 5/8 DRYWALL AS REQ'D. SOFT STORY & ADA ON SEPARATE PERMIT. MAHER NOT REQUIRED 155-13,37.7765402,-122.422898
190,#201406057570,3,5-Jun-14,31-Mar-15,ISSUED,9,31-Mar-16,80000,240000,1 FAMILY DWELLING,1,1 FAMILY DWELLING,1,2,Y,3,3,2,,6,2826,8,970,,CORBETT,AV,,,,,,,,,,,,,,,REPLACE INTERIOR STAIRS FROM ENTRY TO 1SF FL. RECONFIGURE KITCHEN  DINING  LIVING AREA. ADD FAMILY RM & BATH @ 1ST FL-DELETE STUDY & ADD BATH & WORKROOM @ 2ND FL. ADD ROOF DECK. REAR YARD EXTENSION (2 STORIES).,37.7512351,-122.4440619
191,#201410148715,3,14-Oct-14,31-Mar-15,ISSUED,9,31-Jul-15,5000,12000,1 FAMILY DWELLING,1,1 FAMILY DWELLING,1,2,Y,2,2,1,,6,6552,41,121,,CLIPPER,ST,,,,,,,,,,,,,,,REVISION TO#201409166480. ADD REAR YARD DECK AT 2ND FLOOR TO INCLUDE STEPS TO YARD AND 1 HR. WALLS AT NORTH E SOUTH P.L,37.749018,-122.427744
192,#201411121226,3,12-Nov-14,31-Mar-15,ISSUED,9,31-Mar-16,144000,144000,APARTMENTS,6,APARTMENTS,7,2,,4,4,3,,6,1153,11,1786,,GOLDEN GATE,AV,0,,OWNER,OWNER,,OWNER,,OWNER,,OWNER,CA,00000-0000,,,LEGALIZATION OF (1) ILLEGAL UNIT. BRING (E) KITCHENETTE & BATHROOM UP TO CODE. REPLACE (E) SILL PLATES @ NON-BEARING WALLS W/ PRESSURE TREATED LUMBER. INSTALL SPRINKLER SYS 1ST FL. MISC ENERGY COMPLIANCE ISSUES.,37.778778,-122.439983
193,#201501236563,3,23-Jan-15,31-Mar-15,ISSUED,9,31-Mar-16,45000,45000,FOOD/BEVERAGE HNDLNG,0,FOOD/BEVERAGE HNDLNG,0,2,,9,9,8,,15,3707,35,39,,NEW MONTGOMERY,ST,,,ROD,MUSCIO,6503595360,ROD MUSCIO ELECTRICAL,901,PALMETTO AVENUE SUITE D,,PACIFICA,CA,94044,,,ONE FOR ONE FIRE ALARM REPLACEMENT WITH ELEVATOR RECALL. ** MAHER: COMPLIANCE WITH ORDINANCE NO# 155-13 NOT REQUIRED **,37.7882842,-122.4012725
194,#201501236563,3,23-Jan-15,31-Mar-15,ISSUED,9,31-Mar-16,45000,45000,FOOD/BEVERAGE HNDLNG,0,FOOD/BEVERAGE HNDLNG,0,2,,9,9,8,,15,3707,35,61,,NEW MONTGOMERY,ST,,,ROD,MUSCIO,6503595360,ROD MUSCIO ELECTRICAL,901,PALMETTO AVENUE SUITE D,,PACIFICA,CA,94044,,,ONE FOR ONE FIRE ALARM REPLACEMENT WITH ELEVATOR RECALL. ** MAHER: COMPLIANCE WITH ORDINANCE NO# 155-13 NOT REQUIRED **,37.7881747,-122.4009133
195,#201501307088,3,30-Jan-15,31-Mar-15,ISSUED,9,31-Mar-16,295000,295000,SCHOOL,,SCHOOL,,2,,2,2,2,,10,6948,23,755,,OCEAN,AV,,,,,,,,,,,,,,,VOLUNTARY SEISMIC UPGRADE TO CLASSROOM ROOF AND WALL CONNECTION. N/A ORDINANCE #155-13,37.72235209999999,-122.448918
196,#201503110540,3,11-Mar-15,31-Mar-15,ISSUED,9,30-Sep-15,23130,24000,2 FAMILY DWELLING,2,2 FAMILY DWELLING,2,2,,2,2,2,,3,67,7,2315,,JONES,ST,,,YING YEE,FONG,4157609238,FONG'S CONSTRUCTION & PLUMBING,767,27TH,AV,SAN FRANCISCO,CA,94121-0000,,,INSTALL NEW FIRE SPRINKLER SYSTEM PER NFPA13 AT GROUND  AND 1ST FLOOR UNDER THESE PERMIT  2ND AND 3RD FLOOR WILL BE DONE AT A LATER DATE UNDER SEPERATE PERMIT. TOTAL HEADS 45. REF APP#201501135654,37.80268909999999,-122.4164178